title,camera
Texaco Star Theater,Unknown
Fireside Theatre,Single-camera
Philco TV Playhouse,Unknown
Your Show of Shows,Multi-camera
The Colgate Comedy Hour,Multi-camera
Gillette Cavalcade of Sports,Multi-camera
The Lone Ranger,Unknown
Arthur Godfrey's Talent Scouts,Multi-camera
Hopalong Cassidy,Unknown
Mama,Unknown
Robert Montgomery Presents,Unknown
"Martin Kane, Private Eye",Unknown
Man Against Crime,Unknown
Kraft Television Theatre,Multi-camera
The Toast of the Town,Unknown
The Aldrich Family,Unknown
You Bet Your Life,Unknown
Arthur Godfrey and His Friends,Unknown
Armstrong Circle Theatre,Unknown
Lights Out,Unknown
Big Town,Unknown
The Alan Young Show,Unknown
Stop the Music,Unknown
Studio One,Unknown
The Big Story,Unknown
Pabst Blue Ribbon Bouts,Unknown
The Original Amateur Hour,Unknown
The Ken Murray Show,Unknown
Your Hit Parade,Unknown
Lux Video Theatre,Unknown
The Speidel Show,Unknown
Arthur Godfrey's Talent Scouts,Multi-camera
Texaco Star Theater,Unknown
I Love Lucy,Multi-camera
The Red Skelton Show,Unknown
The Colgate Comedy Hour,Multi-camera
Arthur Godfrey and His Friends,Unknown
Fireside Theatre,Single-camera
Your Show of Shows,Multi-camera
The Jack Benny Show,Unknown
You Bet Your Life,Unknown
Mama,Unknown
Philco TV Playhouse,Unknown
Amos 'n' Andy,Unknown
Gangbusters,Unknown
Big Town,Unknown
Goodyear TV Playhouse,Unknown
Pabst Blue Ribbon Bouts,Unknown
The Lone Ranger,Unknown
Gillette Cavalcade of Sports,Multi-camera
All Star Revue,Unknown
Dragnet,Unknown
The Alan Young Show,Unknown
Kraft Television Theatre,Multi-camera
Armstrong Circle Theatre,Unknown
Strike It Rich,Unknown
Robert Montgomery Presents,Unknown
The Roy Rogers Show,Unknown
Hopalong Cassidy,Unknown
Man Against Crime,Unknown
Racket Squad,Single-camera
I Love Lucy,Multi-camera
Arthur Godfrey's Talent Scouts,Multi-camera
Arthur Godfrey and His Friends,Unknown
Dragnet,Unknown
Texaco Star Theater,Unknown
The Buick Circus Hour,Unknown
The Colgate Comedy Hour,Multi-camera
Gangbusters,Unknown
You Bet Your Life,Unknown
Fireside Theatre,Single-camera
The Red Buttons Show,| company              =
The Jack Benny Show,Unknown
Life with Luigi,Unknown
Pabst Blue Ribbon Bouts,Unknown
Goodyear TV Playhouse,Unknown
The Life of Riley,Unknown
Philco TV Playhouse,Unknown
Mama,Unknown
Your Show of Shows,Multi-camera
What's My Line?,Unknown
Strike It Rich,Unknown
Our Miss Brooks,Multi-camera
The Big Story,Unknown
Gillette Cavalcade of Sports,Multi-camera
Amos 'n' Andy,Unknown
All Star Revue,Unknown
Treasury Men in Action,Unknown
The Red Skelton Show,Unknown
The Lone Ranger,Unknown
Ford Theatre,Unknown
I Love Lucy,Multi-camera
Dragnet,Unknown
Arthur Godfrey's Talent Scouts,Multi-camera
You Bet Your Life,Unknown
The Milton Berle Show,Unknown
Arthur Godfrey and His Friends,Unknown
Ford Theatre,Unknown
The Jackie Gleason Show,Multi-camera
Fireside Theatre,Single-camera
The Colgate Comedy Hour,Multi-camera
This Is Your Life,Unknown
The Red Buttons Show,| company              =
The Life of Riley,Unknown
Our Miss Brooks,Multi-camera
Treasury Men in Action,Unknown
The Jack Benny Show,Unknown
The Toast of the Town,Unknown
Gillette Cavalcade of Sports,Multi-camera
Philco TV Playhouse,Unknown
The George Burns and Gracie Allen Show,Unknown
Kraft Television Theatre,Multi-camera
Goodyear TV Playhouse,Unknown
Pabst Blue Ribbon Bouts,Unknown
Private Secretary,Unknown
I Married Joan,Unknown
Mama,Unknown
General Electric Theater,Unknown
What's My Line?,Unknown
The Big Story,Unknown
"Martin Kane, Private Eye",Unknown
Your Hit Parade,Unknown
I Love Lucy,Multi-camera
The Jackie Gleason Show,Multi-camera
Dragnet,Unknown
You Bet Your Life,Unknown
The Toast of the Town,Unknown
Disneyland,Unknown
The Jack Benny Show,Unknown
The George Gobel Show,Unknown
Ford Theatre,Unknown
December Bride,Unknown
The Buick-Berle Show,Unknown
This Is Your Life,Unknown
I've Got a Secret,Unknown
Two for the Money,Unknown
Your Hit Parade,Unknown
The Millionaire,Unknown
General Electric Theater,Unknown
Arthur Godfrey's Talent Scouts,Multi-camera
Private Secretary,Unknown
Fireside Theatre,Single-camera
The Life of Riley,Unknown
Arthur Godfrey and His Friends,Unknown
The Adventures of Rin Tin Tin,Unknown
Topper,Unknown
Pabst Blue Ribbon Bouts,Unknown
The George Burns and Gracie Allen Show,Unknown
The Colgate Comedy Hour,Multi-camera
The Loretta Young Show,Single-camera
My Little Margie,Multi-camera
The Roy Rogers Show,Unknown
"The $64,000 Question",Multi-camera
I Love Lucy,Multi-camera
The Ed Sullivan Show,Multi-camera
Disneyland,Unknown
The Jack Benny Show,Unknown
December Bride,Unknown
You Bet Your Life,Unknown
Dragnet,Unknown
The Millionaire,Unknown
I've Got a Secret,Unknown
General Electric Theater,Unknown
Private Secretary,Unknown
Ford Theatre,Unknown
The Red Skelton Show,Unknown
The George Gobel Show,Unknown
Arthur Godfrey's Talent Scouts,Multi-camera
The Lineup,Unknown
The Perry Como Show,Unknown
The Honeymooners,Multi-camera
The Adventures of Robin Hood,Unknown
The Life of Riley,Unknown
Climax!,Television Film
Your Hit Parade,Unknown
Fireside Theatre,Single-camera
Lux Video Theatre,Unknown
This Is Your Life,Unknown
People Are Funny,Unknown
The George Burns and Gracie Allen Show,Unknown
The Chevy Show,Unknown
The Phil Silvers Show,Unknown
I Love Lucy,Multi-camera
The Ed Sullivan Show,Multi-camera
General Electric Theater,Unknown
"The $64,000 Question",Multi-camera
December Bride,Unknown
Alfred Hitchcock Presents,Single-camera
I've Got a Secret,Unknown
Gunsmoke,Unknown
The Perry Como Show,Unknown
The Jack Benny Show,Unknown
Dragnet,Unknown
Arthur Godfrey's Talent Scouts,Multi-camera
The Millionaire,Unknown
Disneyland,Unknown
The Red Skelton Show,Unknown
The Lineup,Unknown
You Bet Your Life,Unknown
The Life and Legend of Wyatt Earp,Unknown
The Ford Show,Multi-camera
The Adventures of Robin Hood,Unknown
People Are Funny,Unknown
"The $64,000 Challenge",Unknown
The Phil Silvers Show,Unknown
Lassie,Unknown
Private Secretary,Unknown
Climax!,Television Film
What's My Line?,Unknown
The George Burns and Gracie Allen Show,Unknown
The Jackie Gleason Show,Multi-camera
Name That Tune,Unknown
Gunsmoke,Unknown
The Danny Thomas Show,Unknown
Tales of Wells Fargo,Unknown
Have Gun – Will Travel,Unknown
I've Got a Secret,Unknown
The Life and Legend of Wyatt Earp,Unknown
General Electric Theater,Unknown
The Restless Gun,| company              = {{Plainlist|
December Bride,Unknown
You Bet Your Life,Unknown
The Perry Como Show,Unknown
Alfred Hitchcock Presents,Single-camera
Cheyenne,Unknown
The Ford Show,Multi-camera
The Red Skelton Show,Unknown
The Gale Storm Show,Unknown
The Millionaire,Unknown
The Lineup,Unknown
This Is Your Life,Unknown
"The $64,000 Question",Multi-camera
Zane Grey Theater,Unknown
Lassie,Unknown
Wagon Train,Unknown
Sugarfoot,Single-camera
Father Knows Best,Unknown
Twenty-One,Unknown
The Ed Sullivan Show,Multi-camera
The Jack Benny Show,Unknown
People Are Funny,Unknown
The Loretta Young Show,Single-camera
Zorro,Unknown
The Real McCoys,Single-camera
Gunsmoke,Unknown
Wagon Train,Unknown
Have Gun – Will Travel,Unknown
The Rifleman,Unknown
The Danny Thomas Show,Unknown
Maverick,Unknown
Tales of Wells Fargo,Unknown
The Real McCoys,Single-camera
I've Got a Secret,Unknown
The Life and Legend of Wyatt Earp,Unknown
The Price Is Right,Unknown
The Red Skelton Show,Unknown
Zane Grey Theater,Unknown
Father Knows Best,Unknown
The Texan,Unknown
Wanted: Dead or Alive,Unknown
Peter Gunn,Single-camera
Cheyenne,Unknown
Perry Mason,Unknown
The Ford Show,Multi-camera
Sugarfoot,Single-camera
The Ann Sothern Show,Unknown
The Perry Como Show,Unknown
Alfred Hitchcock Presents,Single-camera
Name That Tune,Unknown
General Electric Theater,Unknown
The Lawman,Unknown
Rawhide,Unknown
This Is Your Life,Unknown
The Millionaire,Unknown
Gunsmoke,Unknown
Wagon Train,Unknown
Have Gun – Will Travel,Unknown
The Danny Thomas Show,Unknown
The Red Skelton Show,Unknown
Father Knows Best,Unknown
77 Sunset Strip,Single-camera
The Price Is Right,Unknown
Wanted: Dead or Alive,Unknown
Perry Mason,Unknown
The Real McCoys,Single-camera
The Ed Sullivan Show,Multi-camera
The Rifleman,Unknown
The Ford Show,Multi-camera
The Lawman,Unknown
Dennis the Menace,Unknown
Cheyenne,Unknown
Rawhide,Unknown
Maverick,Unknown
The Life and Legend of Wyatt Earp,Unknown
Mr. Lucky,Unknown
Zane Grey Theater,Unknown
General Electric Theater,Unknown
The Ann Sothern Show,Unknown
Alfred Hitchcock Presents,Single-camera
You Bet Your Life,Unknown
What's My Line?,Unknown
I've Got a Secret,Unknown
The Perry Como Show,Unknown
Lassie,Unknown
Gunsmoke,Unknown
Wagon Train,Unknown
Have Gun – Will Travel,Unknown
The Andy Griffith Show,Single-camera
The Real McCoys,Single-camera
Rawhide,Unknown
Candid Camera,Single camera
The Untouchables,Unknown
The Price Is Right,Unknown
The Jack Benny Show,Unknown
Dennis the Menace,Unknown
The Danny Thomas Show,Unknown
My Three Sons,Unknown
77 Sunset Strip,Single-camera
The Ed Sullivan Show,Multi-camera
Perry Mason,Unknown
Bonanza,Unknown
The Flintstones,Unknown
The Red Skelton Show,Unknown
General Electric Theater,Unknown
Checkmate,Unknown
What's My Line?,Unknown
The Many Loves of Dobie Gillis,Single-camera setup
The Ford Show,Multi-camera
The Garry Moore Show,Unknown
The Lawman,Unknown
The Rifleman,Unknown
Cheyenne,Unknown
Peter Gunn,Single-camera
Route 66,Unknown
Wagon Train,Unknown
Bonanza,Unknown
Gunsmoke,Unknown
Hazel,Unknown
Perry Mason,Unknown
The Red Skelton Show,Unknown
The Andy Griffith Show,Single-camera
The Danny Thomas Show,Unknown
Dr. Kildare,Unknown
Candid Camera,Single camera
My Three Sons,Unknown
The Garry Moore Show,Unknown
Rawhide,Unknown
The Real McCoys,Single-camera
Lassie,Unknown
Sing Along with Mitch,<!-- Either Single-camera or Multi-camera -->
Dennis the Menace,Unknown
Ben Casey,Unknown
The Ed Sullivan Show,Multi-camera
"Car 54, Where Are You?",Single-camera
The Flintstones,Unknown
The Many Loves of Dobie Gillis,Single-camera setup
Walt Disney's Wonderful World of Color,Unknown
The Joey Bishop Show,Unknown
The Perry Como Show,Unknown
The Defenders,Unknown
The Price Is Right,Unknown
The Rifleman,Unknown
Have Gun – Will Travel,Unknown
The Donna Reed Show,Single-camera
77 Sunset Strip,Single-camera
The Beverly Hillbillies,Single-camera
Candid Camera,Single camera
The Red Skelton Show,Unknown
Bonanza,Unknown
The Lucy Show,Multi-camera
The Andy Griffith Show,Single-camera
Ben Casey,Unknown
The Danny Thomas Show,Unknown
The Dick Van Dyke Show,Unknown
Gunsmoke,Unknown
Dr. Kildare,Unknown
The Jack Benny Show,Unknown
What's My Line?,Unknown
The Ed Sullivan Show,Multi-camera
Hazel,Unknown
I've Got a Secret,Unknown
The Jackie Gleason Show,Multi-camera
The Defenders,Unknown
The Garry Moore Show,Unknown
To Tell the Truth,Unknown
Lassie,Unknown
Rawhide,Unknown
Perry Mason,Unknown
Walt Disney's Wonderful World of Color,Unknown
Wagon Train,Unknown
The Virginian,Unknown
Route 66,Unknown
My Three Sons,Unknown
Have Gun – Will Travel,Unknown
The Flintstones,Unknown
The Beverly Hillbillies,Single-camera
Bonanza,Unknown
The Dick Van Dyke Show,Unknown
Petticoat Junction,Single-camera
The Andy Griffith Show,Single-camera
The Lucy Show,Multi-camera
Candid Camera,Single camera
The Ed Sullivan Show,Multi-camera
The Danny Thomas Show,Unknown
My Favorite Martian,Single-camera
The Red Skelton Show,Unknown
I've Got a Secret,Unknown
Lassie,Unknown
The Jack Benny Show,Unknown
The Jackie Gleason Show,Multi-camera
The Donna Reed Show,Single-camera
The Virginian,Unknown
The Patty Duke Show,Single-camera
Dr. Kildare,Unknown
Gunsmoke,Unknown
Walt Disney's Wonderful World of Color,Unknown
Hazel,Unknown
McHale's Navy,Single-camera
To Tell the Truth,Unknown
What's My Line?,Unknown
Perry Mason,Unknown
My Three Sons,Unknown
The Fugitive,Unknown
The Adventures of Ozzie and Harriet,Single-camera
The Danny Kaye Show,Multi-camera
Bob Hope Presents the Chrysler Theatre,Unknown
Bonanza,Unknown
Bewitched,Single-camera
"Gomer Pyle, U.S.M.C.",Unknown
The Andy Griffith Show,Single-camera
The Fugitive,Unknown
The Red Skelton Hour,Unknown
The Dick Van Dyke Show,Unknown
The Lucy Show,Multi-camera
Peyton Place,Unknown
Combat!,Unknown
Walt Disney's Wonderful World of Color,Unknown
The Beverly Hillbillies,Single-camera
My Three Sons,Unknown
Branded,Unknown
Petticoat Junction,Single-camera
The Ed Sullivan Show,Multi-camera
Lassie,Unknown
The Munsters,Single-camera
Gilligan's Island,Film; single-camera
Peyton Place,Unknown
The Jackie Gleason Show,Multi-camera
The Virginian,Unknown
The Addams Family,Unknown
My Favorite Martian,Single-camera
Flipper,Unknown
I've Got a Secret,Unknown
Gunsmoke,Unknown
The Patty Duke Show,Single-camera
McHale's Navy,Single-camera
The Lawrence Welk Show,Unknown
Bonanza,Unknown
"Gomer Pyle, U.S.M.C.",Unknown
The Lucy Show,Multi-camera
The Red Skelton Hour,Unknown
Batman,Unknown
The Andy Griffith Show,Single-camera
Bewitched,Single-camera
The Beverly Hillbillies,Single-camera
Hogan's Heroes,Unknown
Batman,Unknown
Green Acres,Single-camera
Get Smart,single-camera
The Man from U.N.C.L.E.,Single-camera
Daktari,Unknown
My Three Sons,Unknown
The Dick Van Dyke Show,Unknown
Walt Disney's Wonderful World of Color,Unknown
The Ed Sullivan Show,Multi-camera
The Lawrence Welk Show,Unknown
I've Got a Secret,Unknown
Petticoat Junction,Single-camera
Gilligan's Island,Film; single-camera
The Wild Wild West,Unknown
The Jackie Gleason Show,Multi-camera
The Virginian,Unknown
Daniel Boone,Unknown
Lassie,Unknown
I Dream of Jeannie,Single-camera
Flipper,Unknown
Gunsmoke,Unknown
Bonanza,Unknown
The Red Skelton Hour,Unknown
The Andy Griffith Show,Single-camera
The Lucy Show,Multi-camera
The Jackie Gleason Show,Multi-camera
Green Acres,Single-camera
Daktari,Unknown
Bewitched,Single-camera
The Beverly Hillbillies,Single-camera
"Gomer Pyle, U.S.M.C.",Unknown
The Virginian,Unknown
The Lawrence Welk Show,Unknown
The Ed Sullivan Show,Multi-camera
The Dean Martin Show,Unknown
Family Affair,Unknown
The Smothers Brothers Comedy Hour,Multi-camera
Friday Night Movies,Unknown
Hogan's Heroes,Unknown
Walt Disney's Wonderful World of Color,Unknown
Saturday Night at the Movies,Unknown
Dragnet,Unknown
Get Smart,single-camera
Petticoat Junction,Single-camera
The Rat Patrol,Unknown
Daniel Boone,Unknown
Bob Hope Presents the Chrysler Theatre,Unknown
Tarzan,Unknown
ABC Sunday Night Movie,Unknown
I Spy,Unknown
CBS Thursday Movie,Unknown
My Three Sons,Unknown
The F.B.I.,Unknown
The Andy Griffith Show,Single-camera
The Lucy Show,Multi-camera
"Gomer Pyle, U.S.M.C.",Unknown
Gunsmoke,Unknown
Family Affair,Unknown
Bonanza,Unknown
The Red Skelton Show,Unknown
The Dean Martin Show,Unknown
The Jackie Gleason Show,Multi-camera
Saturday Night at the Movies,Unknown
Bewitched,Single-camera
The Beverly Hillbillies,Single-camera
The Ed Sullivan Show,Multi-camera
The Virginian,Unknown
Friday Night Movies,Unknown
Green Acres,Single-camera
The Lawrence Welk Show,Unknown
The Smothers Brothers Comedy Hour,Multi-camera
Gentle Ben,Unknown
Tuesday Night at the Movies,Unknown
Rowan & Martin's Laugh-In,Unknown
The F.B.I.,Unknown
Thursday Night Movie,Unknown
My Three Sons,Unknown
Walt Disney's Wonderful World of Color,Unknown
Ironside,Unknown
The Carol Burnett Show,Multi-camera
Dragnet,Unknown
Daniel Boone,Unknown
Lassie,Unknown
It Takes a Thief,Unknown
Rowan & Martin's Laugh-In,Unknown
"Gomer Pyle, U.S.M.C.",Unknown
Bonanza,Unknown
Mayberry R.F.D.,Unknown
Family Affair,Unknown
Gunsmoke,Unknown
Julia,Unknown
The Dean Martin Show,Unknown
Here's Lucy,Unknown
The Beverly Hillbillies,Single-camera
Mission: Impossible,Unknown
Bewitched,Single-camera
The Red Skelton Hour,Unknown
My Three Sons,Unknown
The Glen Campbell Goodtime Hour,Unknown
Ironside,Unknown
The Virginian,Unknown
The F.B.I.,Unknown
Green Acres,Single-camera
Dragnet,Unknown
Daniel Boone,Unknown
Walt Disney's Wonderful World of Color,Unknown
The Ed Sullivan Show,Multi-camera
The Carol Burnett Show,Multi-camera
The Jackie Gleason Show,Multi-camera
I Dream of Jeannie,Single-camera
The Smothers Brothers Comedy Hour,Multi-camera
The Mod Squad,Unknown
The Lawrence Welk Show,Unknown
The Doris Day Show,Unknown
Rowan & Martin's Laugh-In,Unknown
Gunsmoke,Unknown
Bonanza,Unknown
Mayberry R.F.D.,Unknown
Family Affair,Unknown
Here's Lucy,Unknown
The Red Skelton Hour,Unknown
"Marcus Welby, M.D.",Single-camera
Walt Disney's Wonderful World of Color,Unknown
The Doris Day Show,Unknown
The Bill Cosby Show,Unknown
The Jim Nabors Hour,<!-- Either Single-camera or Multi-camera -->
The Carol Burnett Show,Multi-camera
The Dean Martin Show,Unknown
My Three Sons,Unknown
Ironside,Unknown
The Johnny Cash Show,<!-- Either Single-camera or Multi-camera -->
The Beverly Hillbillies,Single-camera
Hawaii Five-O,Unknown
The Glen Campbell Goodtime Hour,Unknown
Hee Haw,Unknown
Movie of the Week,Unknown
The Mod Squad,Unknown
Saturday Night Movie,Unknown
Bewitched,Single-camera
The F.B.I.,Unknown
The Ed Sullivan Show,Multi-camera
Julia,Unknown
CBS Thursday Movie,Unknown
Mannix,Single-camera
"Marcus Welby, M.D.",Single-camera
The Flip Wilson Show,Unknown
Here's Lucy,Unknown
Ironside,Unknown
Gunsmoke,Unknown
ABC Movie of the Week,Unknown
Hawaii Five-O,Unknown
Medical Center,Unknown
Bonanza,Unknown
The F.B.I.,Unknown
The Mod Squad,Unknown
Adam-12,Unknown
Rowan & Martin's Laugh-In,Unknown
The Wonderful World of Disney,Unknown
Mayberry R.F.D.,Unknown
Hee Haw,Unknown
Mannix,Single-camera
The Men from Shiloh,Unknown
My Three Sons,Unknown
The Doris Day Show,Unknown
The Smith Family,Unknown
The Mary Tyler Moore Show,Unknown
NBC Saturday Movie,Unknown
The Dean Martin Show,Unknown
The Carol Burnett Show,Multi-camera
The Partridge Family,Single-camera
NBC Monday Movie,Unknown
ABC Sunday Movie,Unknown
The Jim Nabors Hour,<!-- Either Single-camera or Multi-camera -->
CBS Thursday Movie,Unknown
All in the Family,Unknown
The Flip Wilson Show,Unknown
"Marcus Welby, M.D.",Single-camera
Gunsmoke,Unknown
ABC Movie of the Week,Unknown
Sanford and Son,Multi-camera
Mannix,Single-camera
Funny Face,Unknown
Adam-12,Unknown
The Mary Tyler Moore Show,Unknown
Here's Lucy,Unknown
Hawaii Five-O,Unknown
Medical Center,Unknown
The NBC Mystery Movie,Unknown
Ironside,Unknown
The Partridge Family,Single-camera
The F.B.I.,Unknown
The New Dick Van Dyke Show,Unknown
The Wonderful World of Disney,Unknown
Bonanza,Unknown
The Mod Squad,Unknown
Rowan & Martin's Laugh-In,Unknown
The Carol Burnett Show,Multi-camera
The Doris Day Show,Unknown
Monday Night Football,Multi-camera
ABC Sunday Movie,Unknown
The Sonny & Cher Comedy Hour,Unknown
Room 222,Single-camera
Cannon,Unknown
CBS Friday Movie,Unknown
All in the Family,Unknown
Sanford and Son,Multi-camera
Hawaii Five-O,Unknown
Maude,Unknown
Bridget Loves Bernie,| first_aired          = {{Start date|1972|9|16}}
The NBC Sunday Mystery Movie,Unknown
The Mary Tyler Moore Show,Unknown
Gunsmoke,Unknown
The Wonderful World of Disney,Unknown
Ironside,Unknown
Adam-12,Unknown
The Flip Wilson Show,Unknown
"Marcus Welby, M.D.",Single-camera
Cannon,Unknown
Here's Lucy,Unknown
The Bob Newhart Show,Multi-camera
Tuesday Movie of the Week,Unknown
Monday Night Football,Multi-camera
The Partridge Family,Single-camera
The Waltons,Unknown
Medical Center,Unknown
The Carol Burnett Show,Multi-camera
ABC Sunday Movie,Unknown
The Rookies,Single-camera
Barnaby Jones,Unknown
The Little People,Unknown
ABC Wednesday Movie of the Week,Unknown
NBC Monday Movie,Unknown
ABC Monday Movie,Unknown
The F.B.I.,Unknown
Kung Fu,Unknown
All in the Family,Unknown
The Waltons,Unknown
Sanford and Son,Multi-camera
M*A*S*H,Unknown
Hawaii Five-O,Unknown
Maude,Unknown
Kojak,Unknown
The Sonny & Cher Comedy Hour,Unknown
The Mary Tyler Moore Show,Unknown
Cannon,Unknown
The Six Million Dollar Man,Unknown
The Bob Newhart Show,Multi-camera
The Wonderful World of Disney,Unknown
The NBC Sunday Mystery Movie,Unknown
Gunsmoke,Unknown
Happy Days,{{unbulleted list|Single-camera (1974–1975)|Multi-camera (1975–1984)}}
Good Times,Multi-camera
Barnaby Jones,Unknown
Monday Night Football,Multi-camera
CBS Friday Night Movie,Unknown
Tuesday Movie of the Week,Unknown
The Streets of San Francisco,Unknown
Adam-12,Unknown
ABC Sunday Night Movie,Unknown
The Rookies,Single-camera
ABC Monday Movie,Unknown
The Carol Burnett Show,Multi-camera
Kung Fu,Unknown
Here's Lucy,Unknown
CBS Thursday Movie,Unknown
All in the Family,Unknown
Sanford and Son,Multi-camera
Chico and the Man,Multi-camera
The Jeffersons,Multi-camera
M*A*S*H,Unknown
Rhoda,Unknown
Good Times,Multi-camera
The Waltons,Unknown
Maude,Unknown
Hawaii Five-O,Unknown
The Mary Tyler Moore Show,Unknown
The Rockford Files,| editor               =
Little House on the Prairie,Unknown
Kojak,Unknown
Police Woman,Unknown
S.W.A.T.,Unknown
The Bob Newhart Show,Multi-camera
The Wonderful World of Disney,Unknown
The Rookies,Single-camera
Mannix,Single-camera
Cannon,Unknown
Cher,Unknown
The Streets of San Francisco,Unknown
The NBC Sunday Mystery Movie,Unknown
Paul Sand in Friends and Lovers,Unknown
Tony Orlando & Dawn,Unknown
Medical Center,Unknown
Gunsmoke,Unknown
The Carol Burnett Show,Multi-camera
Emergency!,Unknown
All in the Family,Unknown
"Rich Man, Poor Man",Unknown
Laverne & Shirley,Unknown
Maude,Unknown
The Bionic Woman,Single-camera
Phyllis,Unknown
Sanford and Son,Multi-camera
Rhoda,Unknown
The Six Million Dollar Man,Unknown
ABC Monday Night Movie,Unknown
Happy Days,{{unbulleted list|Single-camera (1974–1975)|Multi-camera (1975–1984)}}
One Day at a Time,Unknown
ABC Sunday Night Movie,Unknown
The Waltons,Unknown
M*A*S*H,Unknown
Starsky & Hutch,Unknown
Good Heavens,Unknown
"Welcome Back, Kotter",Unknown
The Mary Tyler Moore Show,Unknown
Kojak,Unknown
The Jeffersons,Multi-camera
Baretta,Unknown
The Sonny & Cher Show,Unknown
Good Times,Multi-camera
Chico and the Man,Multi-camera
The Bob Newhart Show,Multi-camera
Donny & Marie,Unknown
The Streets of San Francisco,Unknown
The Carol Burnett Show,Multi-camera
Police Woman,Unknown
Happy Days,{{unbulleted list|Single-camera (1974–1975)|Multi-camera (1975–1984)}}
Laverne & Shirley,Unknown
ABC Monday Night Movie,Unknown
M*A*S*H,Unknown
Charlie's Angels,Unknown
The Big Event,Unknown
The Six Million Dollar Man,Unknown
ABC Sunday Night Movie,Unknown
Baretta,Unknown
One Day at a Time,Unknown
Three's Company,Videotape; multi-camera
All in the Family,Unknown
"Welcome Back, Kotter",Unknown
The Bionic Woman,Single-camera
The Waltons,Unknown
Little House on the Prairie,Unknown
Barney Miller,Videotape; multi-camera
60 Minutes,Multi-camera
Hawaii Five-O,Unknown
NBC Monday Night Movie,Unknown
"Rich Man, Poor Man Book II",Unknown
Monday Night Football,Multi-camera
Eight Is Enough,Single-camera
The Jeffersons,Multi-camera
What's Happening!!,Unknown
Good Times,Multi-camera
Sanford and Son,Multi-camera
ABC Friday Night Movie,Unknown
The Tony Randall Show,Unknown
Alice,Unknown
Laverne & Shirley,Unknown
Happy Days,{{unbulleted list|Single-camera (1974–1975)|Multi-camera (1975–1984)}}
Three's Company,Videotape; multi-camera
60 Minutes,Multi-camera
Charlie's Angels,Unknown
All in the Family,Unknown
Little House on the Prairie,Unknown
Alice,Unknown
M*A*S*H,Unknown
One Day at a Time,Unknown
How the West Was Won,Unknown
Eight Is Enough,Single-camera
Soap,Unknown
The Love Boat,Unknown
NBC Monday Night Movie,Unknown
Monday Night Football,Multi-camera
Fantasy Island,Unknown
Barney Miller,Videotape; multi-camera
Project U.F.O.,Unknown
ABC Sunday Night Movie,Unknown
The Waltons,Unknown
Barnaby Jones,Unknown
Hawaii Five-O,Unknown
ABC Monday Night Movie,Unknown
Rhoda,Unknown
The Incredible Hulk,Unknown
Family,Unknown
"Welcome Back, Kotter",Unknown
On Our Own,Unknown
The Big Event — Sunday,Unknown
Laverne & Shirley,Unknown
Three's Company,Videotape; multi-camera
Mork & Mindy,Multi-camera
Happy Days,{{unbulleted list|Single-camera (1974–1975)|Multi-camera (1975–1984)}}
Angie,Unknown
60 Minutes,Multi-camera
M*A*S*H,Unknown
The Ropers,Unknown
All in the Family,Unknown
Taxi,Unknown
Eight Is Enough,Single-camera
Charlie's Angels,Unknown
Alice,Unknown
Little House on the Prairie,Unknown
ABC Sunday Night Movie,Unknown
Barney Miller,Videotape; multi-camera
The Love Boat,Unknown
One Day at a Time,Unknown
Soap,Unknown
The Dukes of Hazzard,Single-camera
NBC Monday Night Movie,Unknown
Fantasy Island,Unknown
Vega$,Unknown
Barnaby Jones,Unknown
CHiPs,Unknown
Stockard Channing in Just Friends,Unknown
Diff'rent Strokes,Multi-camera
Monday Night Football,Multi-camera
What's Happening!!,Unknown
Lou Grant,Unknown
60 Minutes,Multi-camera
Three's Company,Videotape; multi-camera
That's Incredible!,Unknown
Alice,Unknown
M*A*S*H,Unknown
Dallas,Unknown
Flo,Unknown
The Jeffersons,Multi-camera
The Dukes of Hazzard,Single-camera
One Day at a Time,Unknown
Archie Bunker's Place,Unknown
Eight Is Enough,Single-camera
Taxi,Unknown
House Calls,Unknown
Real People,Unknown
Little House on the Prairie,Unknown
Happy Days,{{unbulleted list|Single-camera (1974–1975)|Multi-camera (1975–1984)}}
CHiPs,Unknown
"Trapper John, M.D.",Single-camera
Charlie's Angels,Unknown
Barney Miller,Videotape; multi-camera
WKRP in Cincinnati,Multi-camera
Benson,Unknown
The Love Boat,Unknown
Soap,Unknown
Diff'rent Strokes,Multi-camera
Mork & Mindy,Multi-camera
Fantasy Island,Unknown
Tenspeed and Brown Shoe,Unknown
ABC Sunday Night Movie,Unknown
Vega$,Unknown
Knots Landing,Unknown
Dallas,Unknown
The Dukes of Hazzard,Single-camera
60 Minutes,Multi-camera
M*A*S*H,Unknown
The Love Boat,Unknown
The Jeffersons,Multi-camera
Alice,Unknown
House Calls,Unknown
Three's Company,Videotape; multi-camera
Little House on the Prairie,Unknown
One Day at a Time,Unknown
Real People,Unknown
Archie Bunker's Place,Unknown
"Magnum, P.I.",Unknown
Happy Days,{{unbulleted list|Single-camera (1974–1975)|Multi-camera (1975–1984)}}
Too Close for Comfort,Videotape; multi-camera
Fantasy Island,Unknown
"Trapper John, M.D.",Single-camera
Diff'rent Strokes,Multi-camera
Monday Night Football,Multi-camera
Laverne & Shirley,Unknown
That's Incredible!,Unknown
Hart to Hart,Unknown
ABC Sunday Night Movie,Unknown
CHiPs,Unknown
The Facts of Life,Unknown
Lou Grant,Unknown
Knots Landing,Unknown
NBC Monday Night Movie,Unknown
The Waltons,Unknown
Dallas,Unknown
60 Minutes,Multi-camera
The Jeffersons,Multi-camera
Three's Company,Videotape; multi-camera
Alice,Unknown
The Dukes of Hazzard,Single-camera
Too Close for Comfort,Videotape; multi-camera
ABC Monday Night Movie,Unknown
M*A*S*H,Unknown
One Day at a Time,Unknown
Monday Night Football,Multi-camera
Archie Bunker's Place,Unknown
Falcon Crest,Unknown
The Love Boat,Unknown
Hart to Hart,Unknown
"Trapper John, M.D.",Single-camera
"Magnum, P.I.",Unknown
Happy Days,{{unbulleted list|Single-camera (1974–1975)|Multi-camera (1975–1984)}}
Dynasty,Unknown
Laverne & Shirley,Unknown
Real People,Unknown
ABC Sunday Night Movie,Unknown
House Calls,Unknown
The Facts of Life,Unknown
Little House on the Prairie,Unknown
The Fall Guy,Single-camera
Hill Street Blues,Unknown
That's Incredible!,Unknown
T.J. Hooker,Unknown
Fantasy Island,Unknown
60 Minutes,Multi-camera
Dallas,Unknown
M*A*S*H,Unknown
"Magnum, P.I.",Unknown
Dynasty,Unknown
Three's Company,Videotape; multi-camera
Simon & Simon,Unknown
Falcon Crest,Unknown
The Love Boat,Unknown
The A-Team,{{Plainlist|
Monday Night Football,Multi-camera
The Jeffersons,Multi-camera
Newhart,Unknown
The Fall Guy,Single-camera
9 to 5,Unknown
One Day at a Time,Unknown
Hart to Hart,Unknown
Gloria,Unknown
"Trapper John, M.D.",Single-camera
Knots Landing,Unknown
Hill Street Blues,Unknown
That's Incredible!,Unknown
Archie Bunker's Place,Unknown
ABC Monday Night Movie,Unknown
Laverne & Shirley,Unknown
ABC Sunday Night Movie,Unknown
CBS Tuesday Night Movie,Unknown
Happy Days,{{unbulleted list|Single-camera (1974–1975)|Multi-camera (1975–1984)}}
Little House: A New Beginning,Unknown
Real People,Unknown
The Dukes of Hazzard,Single-camera
Dallas,Unknown
60 Minutes,Multi-camera
Dynasty,Unknown
The A-Team,{{Plainlist|
Simon & Simon,Unknown
"Magnum, P.I.",Unknown
Falcon Crest,Unknown
Kate & Allie,Multi-camera
Hotel,Unknown
Cagney & Lacey,Single-camera
Knots Landing,Unknown
ABC Sunday Night Movie,Unknown
ABC Monday Night Movie,Unknown
TV's Bloopers & Practical Jokes,Unknown
AfterMASH,Single-camera
The Fall Guy,Single-camera
The Love Boat,Unknown
Riptide,Unknown
The Jeffersons,Multi-camera
Scarecrow & Mrs. King,Unknown
Monday Night Football,Multi-camera
NBC Monday Night Movie,Unknown
Newhart,Unknown
The Facts of Life,Unknown
CBS Tuesday Night Movie,Unknown
Webster,Unknown
Alice,Unknown
Knight Rider,Unknown
Hardcastle and McCormick,Unknown
"Trapper John, M.D.",Single-camera
Dynasty,Unknown
Dallas,Unknown
The Cosby Show,Videotape; Multi-camera
60 Minutes,Multi-camera
Family Ties,"Multi-camera, Videotape"
The A-Team,{{Plainlist|
Simon & Simon,Unknown
"Murder, She Wrote",Unknown
Knots Landing,Unknown
Falcon Crest,Unknown
Crazy Like a Fox,Unknown
Hotel,Unknown
Cheers,Film; Multi-camera
Riptide,Unknown
"Magnum, P.I.",Unknown
Newhart,Unknown
Kate & Allie,Multi-camera
NBC Monday Night Movie,Unknown
Highway to Heaven,Single-camera
Night Court,Videotape; Multi-camera
ABC Sunday Night Movie,Unknown
Scarecrow & Mrs. King,Unknown
TV's Bloopers & Practical Jokes,Unknown
The Fall Guy,Single-camera
Monday Night Football,Multi-camera
Remington Steele,Unknown
Webster,Unknown
Cagney & Lacey,Single-camera
"Trapper John, M.D.",Single-camera
Hill Street Blues,Unknown
The Cosby Show,Videotape; Multi-camera
Family Ties,"Multi-camera, Videotape"
"Murder, She Wrote",Unknown
60 Minutes,Multi-camera
Cheers,Film; Multi-camera
Dallas,Unknown
Dynasty,Unknown
The Golden Girls,"Videotape, Multi-camera"
Miami Vice,Unknown
Who's the Boss?,Videotape; Multi-camera
Night Court,Videotape; Multi-camera
CBS Sunday Night Movie,Unknown
Highway to Heaven,Single-camera
Kate & Allie,Multi-camera
Monday Night Football,Multi-camera
Newhart,Unknown
Knots Landing,Unknown
Growing Pains,Multi-camera
You Again?,Multi-camera
227,Unknown
NBC Sunday Night Movie,Unknown
Hotel,Unknown
NBC Monday Night Movie,Unknown
Moonlighting,Unknown
Falcon Crest,Unknown
Valerie,Unknown
The Facts of Life,Unknown
Scarecrow & Mrs. King,Unknown
Simon & Simon,Unknown
The A-Team,{{Plainlist|
The Cosby Show,Videotape; Multi-camera
Family Ties,"Multi-camera, Videotape"
Cheers,Film; Multi-camera
"Murder, She Wrote",Unknown
The Golden Girls,"Videotape, Multi-camera"
60 Minutes,Multi-camera
Night Court,Videotape; Multi-camera
Growing Pains,Multi-camera
Moonlighting,Unknown
Who's the Boss?,Videotape; Multi-camera
Dallas,Unknown
Newhart,Unknown
Amen,Unknown
227,Unknown
Matlock,Unknown
CBS Sunday Night Movie,Unknown
NBC Monday Night Movie,Unknown
Monday Night Football,Multi-camera
Kate & Allie,Multi-camera
NBC Sunday Night Movie,Unknown
L.A. Law,Unknown
My Sister Sam,Multi-camera
Falcon Crest,Unknown
Highway to Heaven,Single-camera
Dynasty,Unknown
Knots Landing,Unknown
Miami Vice,Unknown
ALF,Unknown
Hunter,Unknown
Head of the Class,Multi-camera
The Cosby Show,Videotape; Multi-camera
A Different World,Videotape; Multi-camera
Cheers,Film; Multi-camera
The Golden Girls,"Videotape, Multi-camera"
Growing Pains,Multi-camera
Who's the Boss?,Videotape; Multi-camera
Night Court,Videotape; Multi-camera
60 Minutes,Multi-camera
"Murder, She Wrote",Unknown
ALF,Unknown
The Wonder Years,Single-camera
Moonlighting,Unknown
L.A. Law,Unknown
Matlock,Unknown
Amen,Unknown
Monday Night Football,Multi-camera
Family Ties,"Multi-camera, Videotape"
CBS Sunday Night Movie,Unknown
In the Heat of the Night,Unknown
My Two Dads,Videotape; Multi-camera
Valerie's Family,Unknown
Dallas,Unknown
NBC Sunday Night Movie,Unknown
Head of the Class,Multi-camera
Newhart,Unknown
NBC Monday Night Movie,Unknown
227,Unknown
Day by Day,Unknown
Hunter,Unknown
Aaron's Way,Unknown
The Cosby Show,Videotape; Multi-camera
Roseanne,Unknown
A Different World,Videotape; Multi-camera
Cheers,Film; Multi-camera
60 Minutes,Multi-camera
The Golden Girls,"Videotape, Multi-camera"
Who's the Boss?,Videotape; Multi-camera
"Murder, She Wrote",Unknown
Empty Nest,Multi-camera
Anything but Love,Multi-camera
Dear John,Unknown
Matlock,Unknown
L.A. Law,Unknown
Growing Pains,Multi-camera
ALF,Unknown
Monday Night Football,Multi-camera
Unsolved Mysteries,Unknown
In the Heat of the Night,Unknown
Hunter,Unknown
Head of the Class,Multi-camera
Night Court,Videotape; Multi-camera
The Hogan Family,Film; Multi-camera
NBC Sunday Night Movie,Unknown
The Wonder Years,Single-camera
Amen,Unknown
NBC Monday Night Movie,Unknown
Knots Landing,Unknown
CBS Sunday Movie,Unknown
ABC Mystery Movie,Unknown
Dallas,Unknown
The Cosby Show,Videotape; Multi-camera
Roseanne,Unknown
Cheers,Film; Multi-camera
A Different World,Videotape; Multi-camera
America's Funniest Home Videos,{{Plainlist|
The Golden Girls,"Videotape, Multi-camera"
60 Minutes,Multi-camera
The Wonder Years,Single-camera
Empty Nest,Multi-camera
Monday Night Football,Multi-camera
Unsolved Mysteries,Unknown
Who's the Boss?,Videotape; Multi-camera
"Murder, She Wrote",Unknown
Chicken Soup,Unknown
Grand,Unknown
L.A. Law,Unknown
Dear John,Unknown
Coach,Unknown
In the Heat of the Night,Unknown
Matlock,Unknown
Growing Pains,Multi-camera
Full House,"Videotape, multi-camera"
Designing Women,Multi-camera
CBS Sunday Movie,Unknown
Hunter,Unknown
Head of the Class,Multi-camera
Murphy Brown,Unknown
The Simpsons,Unknown
Night Court,Videotape; Multi-camera
"Doogie Howser, M.D.",Single-camera
Cheers,Film; Multi-camera
60 Minutes,Multi-camera
Roseanne,Unknown
A Different World,Videotape; Multi-camera
The Cosby Show,Videotape; Multi-camera
Murphy Brown,Unknown
Empty Nest,Multi-camera
America's Funniest Home Videos,{{Plainlist|
Monday Night Football,Multi-camera
The Golden Girls,"Videotape, Multi-camera"
Designing Women,Multi-camera
"Murder, She Wrote",Unknown
America's Funniest People,Unknown
Full House,"Videotape, multi-camera"
Family Matters,"Film; Multi-camera<ref>{{cite news|url=https://www.latimes.com/archives/la-xpm-1991-07-29-ca-176-story.html|title=Myths and Mysteries Surround Pioneering of 3-Camera TV : Broadcasting: A popular belief is that Desi Arnaz created the technique for 'I Love Lucy' in 1951, but evidence of the system dates to 1947.|date=July 29, 1991|newspaper=Los Angeles Times|access-date=November 16, 2021}}</ref>"
Unsolved Mysteries,Unknown
Matlock,Unknown
Coach,Unknown
Who's the Boss?,Videotape; Multi-camera
CBS Sunday Movie,Unknown
In the Heat of the Night,Unknown
Major Dad,35mm Multi-camera
L.A. Law,Unknown
"Doogie Howser, M.D.",Single-camera
Grand,Unknown
Head of the Class,Multi-camera
Growing Pains,Multi-camera
Baby Talk,Unknown
Davis Rules,Multi-camera
The Wonder Years,Single-camera
60 Minutes,Multi-camera
Roseanne,Unknown
Murphy Brown,Unknown
Cheers,Film; Multi-camera
Home Improvement,Unknown
Designing Women,Multi-camera
Full House,"Videotape, multi-camera"
"Murder, She Wrote",Unknown
Major Dad,35mm Multi-camera
Coach,Unknown
Room for Two,Unknown
Monday Night Football,Multi-camera
Unsolved Mysteries,Unknown
CBS Sunday Night Movie,Unknown
Evening Shade,Unknown
Northern Exposure,Single-camera
A Different World,Videotape; Multi-camera
The Cosby Show,Videotape; Multi-camera
Wings,Unknown
America's Funniest Home Videos,{{Plainlist|
20/20,Unknown
The Fresh Prince of Bel-Air,Videotape; Multi-camera
Empty Nest,Multi-camera
NBC Monday Movie,Unknown
America's Funniest People,Unknown
ABC Monday Movie,Unknown
Family Matters,"Film; Multi-camera<ref>{{cite news|url=https://www.latimes.com/archives/la-xpm-1991-07-29-ca-176-story.html|title=Myths and Mysteries Surround Pioneering of 3-Camera TV : Broadcasting: A popular belief is that Desi Arnaz created the technique for 'I Love Lucy' in 1951, but evidence of the system dates to 1947.|date=July 29, 1991|newspaper=Los Angeles Times|access-date=November 16, 2021}}</ref>"
L.A. Law,Unknown
48 Hours,Unknown
In the Heat of the Night,Unknown
The Golden Girls,"Videotape, Multi-camera"
60 Minutes,Multi-camera
Roseanne,Unknown
Home Improvement,Unknown
Murphy Brown,Unknown
Murder She Wrote,Unknown
Coach,Unknown
Monday Night Football,Multi-camera
CBS Sunday Movie,Unknown
Cheers,Film; Multi-camera
Full House,"Videotape, multi-camera"
Northern Exposure,Single-camera
20/20,Unknown
Rescue 911,Unknown
CBS Tuesday Movie,Unknown
Love & War,Unknown
The Fresh Prince of Bel-Air,Videotape; Multi-camera
Hangin' with Mr. Cooper,Videotape; Multi-camera
The Jackie Thomas Show,Unknown
Evening Shade,Unknown
Hearts Afire,Multi-camera
Unsolved Mysteries,Unknown
Primetime Live,Unknown
"Dr. Quinn, Medicine Woman",Unknown
NBC Monday Movie,Unknown
Seinfeld,Multi-camera
48 Hours,Unknown
Blossom,Unknown
ABC Sunday Night Movie,Unknown
Matlock,Unknown
Wings,Unknown
The Simpsons,Unknown
60 Minutes,Multi-camera
Home Improvement,Unknown
Seinfeld,Multi-camera
Roseanne,Unknown
Grace Under Fire,Multi-camera
Coach,Unknown
Frasier,35 mm film; multi-camera
Monday Night Football,Multi-camera
Murphy Brown,Unknown
CBS Sunday Movie,Unknown
"Murder, She Wrote",Unknown
Thunder Alley,Unknown
Love & War,Unknown
Northern Exposure,Single-camera
20/20,Unknown
Full House,"Videotape, multi-camera"
Primetime Live,Unknown
NYPD Blue,Unknown
Wings,Unknown
Turning Point,Unknown
Dave's World,Unknown
The Fresh Prince of Bel-Air,Videotape; Multi-camera
NBC Monday Movie,Unknown
Homicide: Life on the Street,Unknown
CBS Tuesday Movie,Unknown
"Dr. Quinn, Medicine Woman",Unknown
Phenom,Unknown
Evening Shade,Unknown
Rescue 911,Unknown
ABC Sunday Night Movie,Unknown
Family Matters,"Film; Multi-camera<ref>{{cite news|url=https://www.latimes.com/archives/la-xpm-1991-07-29-ca-176-story.html|title=Myths and Mysteries Surround Pioneering of 3-Camera TV : Broadcasting: A popular belief is that Desi Arnaz created the technique for 'I Love Lucy' in 1951, but evidence of the system dates to 1947.|date=July 29, 1991|newspaper=Los Angeles Times|access-date=November 16, 2021}}</ref>"
Seinfeld,Multi-camera
ER,Unknown
Home Improvement,Unknown
Grace Under Fire,Multi-camera
Monday Night Football,Multi-camera
60 Minutes,Multi-camera
NYPD Blue,Unknown
"Murder, She Wrote",Unknown
Friends,Multi-camera
Roseanne,Unknown
Mad About You,Multi-camera
Madman of the People,Multi-camera
Ellen,Unknown
Hope and Gloria,Unknown
Frasier,35 mm film; multi-camera
Murphy Brown,Unknown
20/20,Unknown
CBS Sunday Movie,Unknown
NBC Monday Movie,Unknown
Me and the Boys,Unknown
Dave's World,Unknown
Cybill,Multi-camera
ABC Sunday Movie,Unknown
The Nanny,Videotape; Multi-camera
Full House,"Videotape, multi-camera"
Wings,Unknown
Law & Order,Single-camera
NBC Sunday Night Movie,Unknown
Chicago Hope,Unknown
ABC Monday Night Movie,Unknown
The Martin Short Show,Unknown
Primetime Live,Unknown
ER,Unknown
Seinfeld,Multi-camera
Friends,Multi-camera
Caroline in the City,Multi-camera
Monday Night Football,Multi-camera
The Single Guy,Multi-camera
Home Improvement,Unknown
Boston Common,Unknown
60 Minutes,Multi-camera
NYPD Blue,Unknown
20/20,Unknown
Frasier,35 mm film; multi-camera
Grace Under Fire,Multi-camera
NBC Monday Movie,Unknown
Coach,Unknown
The Nanny,Videotape; Multi-camera
Roseanne,Unknown
"Walker, Texas Ranger",{{Plainlist|
Primetime Live,Unknown
Murphy Brown,Unknown
NBC Sunday Movie,Unknown
3rd Rock from the Sun,Film; Multi-camera
Chicago Hope,Unknown
Law & Order,Single-camera
CBS Sunday Movie,Unknown
The Naked Truth,Unknown
Can't Hurry Love,Multi-camera
Dateline NBC,Single-camera
Dateline NBC — Wednesday,Unknown
The Dana Carvey Show,Multi-camera
ER,Unknown
Seinfeld,Multi-camera
Suddenly Susan,Videotape; multi-camera
Friends,Multi-camera
The Naked Truth,Unknown
Fired Up,Unknown
Monday Night Football,Multi-camera
The Single Guy,Multi-camera
Home Improvement,Unknown
Touched by an Angel,Unknown
60 Minutes,Multi-camera
20/20,Unknown
NYPD Blue,Unknown
CBS Sunday Movie,Unknown
Primetime Live,Unknown
Frasier,35 mm film; multi-camera
Spin City,Film; Multi-camera
NBC Sunday Movie,Unknown
The Drew Carey Show,{{Plainlist|
Dateline NBC,Single-camera
Cosby,Unknown
The X-Files,Unknown
"Walker, Texas Ranger",{{Plainlist|
Mad About You,Multi-camera
Caroline in the City,Multi-camera
NBC Monday Movie,Unknown
Law & Order,Single-camera
3rd Rock from the Sun,Film; Multi-camera
Ellen,Unknown
Chicago Hope,Unknown
Dateline NBC — Friday,Unknown
Cybill,Multi-camera
Seinfeld,Multi-camera
ER,Unknown
Veronica's Closet,Multi-camera
Friends,Multi-camera
Monday Night Football,Multi-camera
Touched by an Angel,Unknown
60 Minutes,Multi-camera
Union Square,Unknown
CBS Sunday Movie,Unknown
Home Improvement,Unknown
Frasier,35 mm film; multi-camera
Just Shoot Me!,Videotape; Multi-camera
Dateline NBC,Single-camera
Dateline NBC — Monday,Unknown
The Drew Carey Show,{{Plainlist|
20/20,Unknown
Primetime Live,Unknown
NYPD Blue,Unknown
The X-Files,Unknown
Law & Order,Single-camera
20/20 — Monday,Unknown
Diagnosis: Murder,Unknown
Mad About You,Multi-camera
King of the Hill,Unknown
Cosby,Unknown
Dharma & Greg,Multi-camera
NBC Sunday Night Movie,Unknown
"Walker, Texas Ranger",{{Plainlist|
Hiller and Diller,Multi-camera
The Simpsons,Unknown
Everybody Loves Raymond,Multi-camera
ER,Unknown
Friends,Multi-camera
Frasier,35 mm film; multi-camera
Monday Night Football,Multi-camera
Veronica's Closet,Multi-camera
Jesse,Unknown
60 Minutes,Multi-camera
Touched by an Angel,Unknown
CBS Sunday Movie,Unknown
Home Improvement,Unknown
Everybody Loves Raymond,Multi-camera
NYPD Blue,Unknown
Law & Order,Single-camera
The Drew Carey Show,{{Plainlist|
20/20,Unknown
Providence,Unknown
20/20 — Wednesday,Unknown
JAG,Unknown
Dateline NBC,Single-camera
Dateline NBC — Monday,Unknown
Becker,Unknown
CBS Tuesday Movie,Unknown
Ally McBeal,Single-camera
Dharma & Greg,Multi-camera
Spin City,Film; Multi-camera
"Walker, Texas Ranger",{{Plainlist|
Dateline NBC — Friday,Unknown
The X-Files,Unknown
NBC Sunday Night Movie,Unknown
60 Minutes II,Unknown
Diagnosis: Murder,Unknown
Who Wants to Be a Millionaire,Unknown
Who Wants to Be a Millionaire — Thursday,Unknown
Who Wants to Be a Millionaire — Sunday,Unknown
ER,Unknown
Friends,Multi-camera
Frasier,35 mm film; multi-camera
Monday Night Football,Multi-camera
60 Minutes,Multi-camera
The Practice,Unknown
Touched by an Angel,Unknown
Law & Order,Single-camera
Everybody Loves Raymond,Multi-camera
Jesse,Unknown
CBS Sunday Movie,Unknown
Stark Raving Mad,Unknown
NYPD Blue,Unknown
Dharma & Greg,Multi-camera
Becker,Unknown
Judging Amy,Unknown
JAG,Unknown
The Drew Carey Show,{{Plainlist|
Providence,Unknown
60 Minutes II,Unknown
The West Wing,Unknown
ABC Monday Movie,Unknown
Spin City,Film; Multi-camera
Family Law,Unknown
Dateline NBC,Single-camera
Malcolm in the Middle,Panavision; single-camera
Law & Order: Special Victims Unit,Single-camera
CBS Wednesday Movie,Unknown
Survivor,Unknown
ER,Unknown
Who Wants to Be a Millionaire,Unknown
Who Wants to Be a Millionaire — Tuesday,Unknown
Friends,Multi-camera
Monday Night Football,Multi-camera
Everybody Loves Raymond,Multi-camera
Who Wants to Be a Millionaire — Sunday,Unknown
Law & Order,Single-camera
The Practice,Unknown
Who Wants to Be a Millionaire — Thursday,Unknown
CSI: Crime Scene Investigation,Unknown
The West Wing,Unknown
Will & Grace,Multi-camera
60 Minutes,Multi-camera
Becker,Unknown
Temptation Island,Unknown
Frasier,35 mm film; multi-camera
Who Wants to Be a Millionaire — Friday,Unknown
Just Shoot Me!,Videotape; Multi-camera
Judging Amy,Unknown
Cursed/The Weber Show,Unknown
NYPD Blue,Unknown
Touched by an Angel,Unknown
Law & Order: Special Victims Unit,Single-camera
JAG,Unknown
The King of Queens,Multi-camera
"Yes, Dear",Multi-camera
Family Law,Unknown
The District,Unknown
CBS Sunday Movie,Unknown
Friends,Multi-camera
CSI: Crime Scene Investigation,Unknown
ER,Unknown
Everybody Loves Raymond,Multi-camera
Law & Order,Single-camera
Survivor,Unknown
Monday Night Football,Multi-camera
The West Wing,Unknown
Will & Grace,Multi-camera
Leap of Faith,Unknown
Becker,Unknown
Law & Order: Special Victims Unit,Single-camera
60 Minutes,Multi-camera
Frasier,35 mm film; multi-camera
JAG,Unknown
Inside Schwartz,Multi-camera
Judging Amy,Unknown
Just Shoot Me!,Videotape; Multi-camera
The King of Queens,Multi-camera
"Yes, Dear",Multi-camera
Crossing Jordan,Unknown
The Guardian,Unknown
The Practice,Unknown
NYPD Blue,Unknown
Baby Bob,Unknown
Dateline NBC,Single-camera
Fear Factor,Unknown
Law & Order: Criminal Intent,Panavision; single-camera
Providence,Unknown
60 Minutes II,Unknown
Family Law,Unknown
CSI: Crime Scene Investigation,Unknown
Friends,Multi-camera
Joe Millionaire,Unknown
ER,Unknown
American Idol,Unknown
American Idol — Wednesday,Unknown
Survivor,Unknown
Everybody Loves Raymond,Multi-camera
Law & Order,Single-camera
Monday Night Football,Multi-camera
CSI: Miami,Unknown
Will & Grace,Multi-camera
Scrubs,Unknown
Law & Order: Special Victims Unit,Single-camera
Without a Trace,Unknown
The Bachelor,Unknown
60 Minutes,Multi-camera
Judging Amy,Unknown
Law & Order: Criminal Intent,Panavision; single-camera
Still Standing,Unknown
The West Wing,Unknown
JAG,Unknown
"Good Morning, Miami",Multi camera
"Yes, Dear",Multi-camera
The King of Queens,Multi-camera
Frasier,35 mm film; multi-camera
The Guardian,Unknown
My Big Fat Greek Life,Multi-camera
NYPD Blue,Unknown
Fear Factor,Unknown
CSI: Crime Scene Investigation,Unknown
American Idol,Unknown
American Idol — Wednesday,Unknown
Friends,Multi-camera
The Apprentice,Unknown
ER,Unknown
Survivor,Unknown
CSI: Miami,Unknown
Monday Night Football,Multi-camera
Everybody Loves Raymond,Multi-camera
Without a Trace,Unknown
Law & Order,Single-camera
Will & Grace,Multi-camera
My Big Fat Obnoxious Fiance,Unknown
Two and a Half Men,Film; Multi-camera
60 Minutes,Multi-camera
Cold Case,Unknown
Law & Order: Special Victims Unit,Single-camera
Crossing Jordan,Unknown
Law & Order: Criminal Intent,Panavision; single-camera
The Bachelor,Unknown
Fear Factor,Unknown
The West Wing,Unknown
CBS Sunday Movie,Unknown
Navy: NCIS,Unknown
Judging Amy,Unknown
Still Standing,Unknown
Las Vegas,Unknown
Average Joe,Unknown
Frasier,35 mm film; multi-camera
The King of Queens,Multi-camera
CSI: Crime Scene Investigation,Unknown
American Idol,Unknown
American Idol — Wednesday,Unknown
Desperate Housewives,Single-camera
CSI: Miami,Unknown
Without a Trace,Unknown
Survivor,Unknown
Grey's Anatomy,Single-camera
Everybody Loves Raymond,Multi-camera
Monday Night Football,Multi-camera
Two and a Half Men,Film; Multi-camera
ER,Unknown
Lost,Unknown
Cold Case,Unknown
The Apprentice,Unknown
Law & Order: Special Victims Unit,Single-camera
60 Minutes,Multi-camera
Extreme Makeover: Home Edition,Unknown
Medium,Unknown
Law & Order,Single-camera
CSI: NY,Unknown
NCIS,Unknown
House,Unknown
Boston Legal,Unknown
Law & Order: Criminal Intent,Panavision; single-camera
Crossing Jordan,Unknown
CBS Sunday Movie,Unknown
The Amazing Race,Unknown
Judging Amy,Unknown
The West Wing,Unknown
American Idol,Unknown
American Idol — Wednesday,Unknown
CSI: Crime Scene Investigation,Unknown
Desperate Housewives,Single-camera
Grey's Anatomy,Single-camera
Without a Trace,Unknown
Dancing with the Stars,Unknown
CSI: Miami,Unknown
Monday Night Football,Multi-camera
House,Unknown
Survivor,Unknown
NCIS,Unknown
Two and a Half Men,Film; Multi-camera
The Unit,Unknown
Dancing with the Stars — Results,Unknown
Deal or No Deal,Unknown
Cold Case,Unknown
Lost,Unknown
CSI: NY,Unknown
Law & Order: Special Victims Unit,Single-camera
60 Minutes,Multi-camera
Deal or No Deal — Wednesday,Unknown
Extreme Makeover: Home Edition,Unknown
Commander in Chief,Unknown
The New Adventures of Old Christine,Multi-camera
Unan1mous,Multi-camera
Criminal Minds,Unknown
24,Unknown
ER,Unknown
Out of Practice,Multi-camera
American Idol,Unknown
American Idol — Tuesday,Unknown
Dancing with the Stars,Unknown
Dancing with the Stars — Tuesday,Unknown
Dancing with the Stars — Wednesday,Unknown
CSI: Crime Scene Investigation,Unknown
Grey's Anatomy,Single-camera
House,Unknown
Desperate Housewives,Single-camera
CSI: Miami,Unknown
Sunday Night Football,Unknown
Without a Trace,Unknown
Deal or No Deal,Unknown
Two and a Half Men,Film; Multi-camera
NCIS,Unknown
CSI: NY,Unknown
Cold Case,Unknown
Criminal Minds,Unknown
Survivor,Unknown
60 Minutes,Multi-camera
Shark,Unknown
Lost,Unknown
Heroes,Unknown
Law & Order: Special Victims Unit,Single-camera
Rules of Engagement,Unknown
Extreme Makeover: Home Edition,Unknown
Ugly Betty,Unknown
ER,Unknown
24,Unknown
Brothers & Sisters,Unknown
The King of Queens,Multi-camera
Are You Smarter than a 5th Grader?,Unknown
American Idol,Unknown
American Idol — Wednesday,Unknown
Dancing with the Stars,Unknown
Dancing with the Stars — Wednesday,Unknown
Dancing with the Stars — Tuesday,Unknown
Desperate Housewives,Single-camera
CSI: Crime Scene Investigation,Unknown
House,Unknown
Grey's Anatomy,Single-camera
Sunday Night Football,Unknown
CSI: Miami,Unknown
NCIS,Unknown
Without a Trace,Unknown
The Moment of Truth,Unknown
Two and a Half Men,Film; Multi-camera
Survivor,Unknown
60 Minutes,Multi-camera
Criminal Minds,Unknown
Samantha Who?,Single-camera
Lost,Unknown
Extreme Makeover: Home Edition,Unknown
Brothers & Sisters,Unknown
CSI: NY,Unknown
Heroes,Unknown
Law & Order: Special Victims Unit,Single-camera
Private Practice,Unknown
Law & Order,Single-camera
Cold Case,Unknown
Deal or No Deal,Unknown
Shark,Unknown
The Unit,Unknown
Hell's Kitchen,Unknown
American Idol,Unknown
American Idol — Tuesday,Unknown
Dancing with the Stars,Unknown
CSI: Crime Scene Investigation,Unknown
NCIS,Unknown
The Mentalist,| company              = {{Plainlist|
Dancing with the Stars — Tuesday,Unknown
Sunday Night Football,Unknown
Desperate Housewives,Single-camera
Grey's Anatomy,Single-camera
Criminal Minds,Unknown
Two and a Half Men,Film; Multi-camera
CSI: Miami,Unknown
60 Minutes,Multi-camera
CSI: NY,Unknown
Without a Trace,Unknown
House,Unknown
Survivor,Unknown
Eleventh Hour,Unknown
Cold Case,Unknown
The Bachelor,Unknown
24,Unknown
Brothers & Sisters,Unknown
Rules of Engagement,Unknown
Castle,Unknown
Law & Order: Special Victims Unit,Single-camera
ER,Unknown
Bones,Unknown
Ghost Whisperer,Unknown
Lost,Unknown
NUMB3RS,Unknown
American Idol,Unknown
American Idol — Wednesday,Unknown
Dancing with the Stars,Unknown
NCIS,Unknown
Sunday Night Football,Unknown
The Mentalist,| company              = {{Plainlist|
Dancing with the Stars — Results,Unknown
NCIS: Los Angeles,Unknown
Undercover Boss,Unknown
CSI: Crime Scene Investigation,Unknown
Grey's Anatomy,Single-camera
Two and a Half Men,Film; Multi-camera
Desperate Housewives,Single-camera
The Big Bang Theory,Multi-camera
Criminal Minds,Unknown
The Good Wife,Single-camera
60 Minutes,Multi-camera
CSI: Miami,Unknown
CSI: NY,Unknown
Survivor,Unknown
The Bachelor,Unknown
House,Unknown
Brothers & Sisters,Unknown
Castle,Unknown
Lost,Unknown
The Amazing Race,Unknown
Bones,Unknown
24,Unknown
Cold Case,Unknown
Private Practice,Unknown
American Idol,Unknown
Dancing with the Stars,Unknown
American Idol — Thursday,Unknown
Sunday Night Football,Unknown
NCIS,Unknown
Dancing with the Stars — Results,Unknown
NCIS: Los Angeles,Unknown
The Mentalist,| company              = {{Plainlist|
Body of Proof,Unknown
Criminal Minds,Unknown
The Good Wife,Single-camera
60 Minutes,Multi-camera
CSI: Crime Scene Investigation,Unknown
The Big Bang Theory,Multi-camera
Blue Bloods,Single-camera
Two and a Half Men,Film; Multi-camera
The Voice,Unknown
Hawaii Five-0,Unknown
Desperate Housewives,Single-camera
Grey's Anatomy,Single-camera
Survivor,Unknown
Harry's Law,Unknown
CSI: Miami,Unknown
Castle,Unknown
Undercover Boss,Unknown
Modern Family,Single camera
The Bachelor,Unknown
Bones,Unknown
Criminal Minds: Suspect Behavior,Unknown
Mike & Molly,Multi-camera
Sunday Night Football,Unknown
NCIS,Unknown
Dancing with the Stars,Unknown
American Idol,Unknown
American Idol — Thursday,Unknown
Dancing with the Stars — Results,Unknown
NCIS: Los Angeles,Unknown
The Big Bang Theory,Multi-camera
The Mentalist,| company              = {{Plainlist|
The Voice,Unknown
Two and a Half Men,Film; Multi-camera
Person of Interest,Unknown
Criminal Minds,Unknown
60 Minutes,Multi-camera
Modern Family,Single camera
CSI: Crime Scene Investigation,Unknown
Castle,Unknown
Unforgettable,Unknown
Blue Bloods,Single-camera
The Good Wife,Single-camera
Hawaii Five-0,Unknown
Grey's Anatomy,Single-camera
The X Factor,Unknown
The X Factor — Wednesday,Unknown
Mike & Molly,Multi-camera
Rob,Unknown
CSI: Miami,Unknown
2 Broke Girls,Multi-camera
Desperate Housewives,Single-camera
Once Upon a Time,Unknown
NCIS,Unknown
Sunday Night Football,Unknown
The Big Bang Theory,Multi-camera
NCIS: Los Angeles,Unknown
Person of Interest,Unknown
Dancing with the Stars,Unknown
American Idol,Unknown
Dancing with the Stars — Results,Unknown
American Idol — Thursday,Unknown
Two and a Half Men,Film; Multi-camera
The Voice,Unknown
Blue Bloods,Single-camera
The Voice — Tuesday,Unknown
Elementary,Unknown
Castle,Unknown
60 Minutes,Multi-camera
Criminal Minds,Unknown
CSI: Crime Scene Investigation,Unknown
Grey's Anatomy,Single-camera
The Mentalist,| company              = {{Plainlist|
Modern Family,Single camera
Vegas,Unknown
Body of Proof,Unknown
CSI: NY,Unknown
The Following,Single camera
The Good Wife,Single-camera
Survivor: Philippines,Unknown
2 Broke Girls,Multi-camera
Hawaii Five-0,Unknown
Survivor: Caramoan,Unknown
Sunday Night Football,Unknown
NCIS,Unknown
The Big Bang Theory,Multi-camera
NCIS: Los Angeles,Unknown
Dancing with the Stars,Unknown
The Blacklist,Single-camera
Person of Interest,Unknown
The Voice,Unknown
Blue Bloods,Single-camera
The Voice — Tuesday,Unknown
Grey's Anatomy,Single-camera
Castle,Unknown
Criminal Minds,Unknown
Scandal,Unknown
Resurrection,Unknown
CSI: Crime Scene Investigation,Unknown
60 Minutes,Multi-camera
Elementary,Unknown
The Good Wife,Single-camera
Modern Family,Single camera
Hawaii Five-0,Unknown
American Idol,Unknown
The Mentalist,| company              = {{Plainlist|
The Millers,Multi-camera
Survivor,Unknown
American Idol — Thursday,Unknown
Two and a Half Men,Film; Multi-camera
How I Met Your Mother,Multi-camera
Chicago Fire,Unknown
Intelligence,Unknown
Sunday Night Football,Unknown
The Big Bang Theory,Multi-camera
NCIS,Unknown
NCIS: New Orleans,Multi-camera
Empire,Unknown
Thursday Night Football,Multi-camera
Dancing with the Stars,Unknown
Criminal Minds,Unknown
Madam Secretary,Unknown
Scandal,Unknown
Blue Bloods,Single-camera
The Blacklist,Single-camera
The Voice,Unknown
Scorpion,Unknown
The Voice: Tuesday,Unknown
The Good Wife,Single-camera
60 Minutes,Multi-camera
Grey's Anatomy,Single-camera
Hawaii Five-0,Unknown
How to Get Away with Murder,Single-camera
Person of Interest,Unknown
NCIS: Los Angeles,Unknown
Modern Family,Single camera
Two and a Half Men,Film; Multi-camera
Elementary,Unknown
The Mentalist,| company              = {{Plainlist|
Mom,Unknown
Castle,Unknown
CSI: Crime Scene Investigation,Unknown
CSI: Cyber,Unknown
NCIS,Unknown
Sunday Night Football,Unknown
The Big Bang Theory,Multi-camera
Thursday Night Football,Multi-camera
Empire,Unknown
NCIS: New Orleans,Multi-camera
Dancing with the Stars,Unknown
Blue Bloods,Single-camera
The Voice,Unknown
The X-Files,Unknown
Grey's Anatomy,Single-camera
The Voice: Tuesday,Unknown
Criminal Minds,Unknown
Madam Secretary,Unknown
60 Minutes,Multi-camera
Scandal,Unknown
Scorpion,Unknown
The Blacklist,Single-camera
How to Get Away with Murder,Single-camera
Little Big Shots,Unknown
Blindspot,Unknown
The Good Wife,Single-camera
NCIS: Los Angeles,Unknown
Chicago Fire,Unknown
Hawaii Five-0,Unknown
American Idol,Unknown
American Idol - Thursday,Unknown
Code Black,Unknown
Survivor,Unknown
Chicago Med,Single-camera
Life in Pieces,Single-camera
Shades of Blue,Unknown
The Big Bang Theory,Multi-camera
NCIS,Unknown
Sunday Night Football,Unknown
Thursday Night Football,Multi-camera
Bull,Unknown
This Is Us,Single-camera
Blue Bloods,Single-camera
NCIS: New Orleans,Multi-camera
Dancing with the Stars,Unknown
NCIS: Los Angeles,Unknown
60 Minutes,Multi-camera
Hawaii Five-0,Unknown
The Voice,Unknown
Designated Survivor,Unknown
The Voice: Tuesday,Unknown
Grey's Anatomy,Single-camera
Criminal Minds,Unknown
Madam Secretary,Unknown
Empire,Unknown
Scorpion,Unknown
Chicago Fire,Unknown
Chicago Med,Single-camera
Survivor,Unknown
Little Big Shots,Unknown
MacGyver,Unknown
Code Black,Unknown
The Blacklist,Single-camera
Mom,Unknown
The Bachelor,Unknown
Scandal,Unknown
The Big Bang Theory,Multi-camera
NCIS,Unknown
Sunday Night Football,Unknown
This Is Us,Single-camera
Roseanne,Unknown
Young Sheldon,Single-camera
The Good Doctor,Unknown
Bull,Unknown
Thursday Night Football,Multi-camera
Blue Bloods,Single-camera
NCIS: New Orleans,Multi-camera
The Voice,Unknown
60 Minutes,Multi-camera
Grey's Anatomy,Single-camera
Dancing with the Stars,Unknown
Hawaii Five-0,Unknown
The Voice: Tuesday,Unknown
Mom,Unknown
Chicago Med,Single-camera
NCIS: Los Angeles,Unknown
Chicago P.D.,Unknown
Chicago Fire,Unknown
SEAL Team,Unknown
Instinct,Unknown
Criminal Minds,Unknown
9-1-1,Unknown
Dancing with the Stars: Athletes,Unknown
Survivor,Unknown
S.W.A.T.,Unknown
Madam Secretary,Unknown
American Idol,Unknown
Law & Order: Special Victims Unit,Single-camera
Sunday Night Football,Unknown
The Big Bang Theory,Multi-camera
NCIS,Unknown
Thursday Night Football,Multi-camera
Young Sheldon,Single-camera
This Is Us,Single-camera
Blue Bloods,Single-camera
FBI,Unknown
The Good Doctor,Unknown
Manifest,Unknown
Chicago Fire,Unknown
America's Got Talent: The Champions,Unknown
Chicago Med,Single-camera
Bull,Unknown
Chicago P.D.,Unknown
New Amsterdam,Unknown
NCIS: New Orleans,Multi-camera
60 Minutes,Multi-camera
The Voice,Unknown
Grey's Anatomy,Single-camera
Mom,Unknown
The Voice: Tuesday,Unknown
Hawaii Five-0,Unknown
NCIS: Los Angeles,Unknown
The Masked Singer,Unknown
9-1-1,Unknown
The Conners,Multi-camera
God Friended Me,Unknown
Survivor,Unknown
Dancing with the Stars,Unknown
Sunday Night Football,Unknown
NCIS,Unknown
Thursday Night Football,Multi-camera
FBI,Unknown
Blue Bloods,Single-camera
Chicago Fire,Unknown
This Is Us,Single-camera
Young Sheldon,Single-camera
Chicago P.D.,Unknown
Chicago Med,Single-camera
The Good Doctor,Unknown
The Masked Singer,Unknown
Bull,Unknown
60 Minutes,Multi-camera
9-1-1,Unknown
The Voice,Unknown
FBI: Most Wanted,Single-camera
New Amsterdam,Unknown
Hawaii Five-0,Unknown
NCIS: New Orleans,Multi-camera
The Voice: Tuesday,Unknown
Grey's Anatomy,Single-camera
Survivor,Unknown
9-1-1: Lone Star,Unknown
America's Got Talent: The Champions,Unknown
Magnum P.I.,Unknown
NCIS: Los Angeles,Unknown
American Idol,Unknown
Mom,Unknown
Station 19,Unknown
Sunday Night Football,Unknown
Thursday Night Football,Multi-camera
NCIS,Unknown
The Equalizer,Unknown
FBI,Unknown
60 Minutes,Multi-camera
Chicago Fire,Unknown
Blue Bloods,Single-camera
Chicago Med,Single-camera
Chicago P.D.,Unknown
9-1-1,Unknown
Young Sheldon,Single-camera
This Is Us,Single-camera
FBI: Most Wanted,Single-camera
9-1-1: Lone Star,Unknown
Bull,Unknown
The Voice,Unknown
The Voice: Tuesday,Unknown
The Good Doctor,Unknown
Grey's Anatomy,Single-camera
Law & Order: Organized Crime,Unknown
NCIS: Los Angeles,Unknown
The Masked Singer,Unknown
Magnum P.I.,Unknown
American Idol,Unknown
Big Sky,Unknown
NCIS: New Orleans,Multi-camera
Celebrity Wheel of Fortune,Unknown
The Rookie,Unknown
Station 19,Unknown
Sunday Night Football,Unknown
Thursday Night Football,Multi-camera
NCIS,Unknown
FBI,Unknown
Chicago Fire,Unknown
Blue Bloods,Single-camera
The Equalizer,Unknown
Young Sheldon,Single-camera
60 Minutes,Multi-camera
Chicago P.D.,Unknown
Chicago Med,Single-camera
FBI: Most Wanted,Single-camera
Ghosts,Unknown
NCIS: Hawaiʻi,Unknown
FBI: International,Unknown
The Voice,Unknown
The Voice: Tuesday,Unknown
This Is Us,Single-camera
La Brea,Unknown
Bull,Unknown
Magnum P.I.,Unknown
Survivor,Unknown
American Idol,Unknown
NCIS: Los Angeles,Unknown
9-1-1,Unknown
American Idol: Monday,Unknown
9-1-1: Lone Star,Unknown
Law & Order: Special Victims Unit,Single-camera
CSI: Vegas,Unknown
The Good Doctor,Unknown
Sunday Night Football,Unknown
NCIS,Unknown
FBI,Unknown
Young Sheldon,Single-camera
Chicago Fire,Unknown
Blue Bloods,Single-camera
Ghosts,Unknown
60 Minutes,Multi-camera
Chicago Med,Single-camera
The Equalizer,Unknown
Chicago P.D.,Unknown
Fire Country,Unknown
FBI: Most Wanted,Single-camera
FBI: International,Unknown
NCIS: Hawaiʻi,Unknown
The Voice,Unknown
The Voice: Tuesday,Unknown
9-1-1,Unknown
Law & Order: Special Victims Unit,Single-camera
American Idol,Unknown
East New York,Unknown
Survivor,Unknown
S.W.A.T.,Unknown
The Rookie,Unknown
The Neighborhood,Unknown
So Help Me Todd,Unknown
Jeopardy! Masters,Unknown
The Good Doctor,Unknown
NCIS: Los Angeles,Unknown
Bob Hearts Abishola,Multi-camera
Sunday Night Football,Unknown
Monday Night Football,Multi-camera
Tracker,Unknown
NCIS,Unknown
Young Sheldon,Single-camera
FBI,Unknown
Chicago Fire,Unknown
Blue Bloods,Single-camera
60 Minutes,Multi-camera
Ghosts,Unknown
Chicago Med,Single-camera
Chicago P.D.,Unknown
The Equalizer,Unknown
NCIS: Hawaiʻi,Unknown
Elsbeth,Unknown
FBI: Most Wanted,Single-camera
Fire Country,Unknown
FBI: International,Unknown
The Voice,Unknown
Law & Order: Special Victims Unit,Single-camera
The Voice: Tuesday,Unknown
9-1-1,Unknown
Will Trent,Unknown
NCIS: Sydney,Multi-camera
Survivor,Unknown
So Help Me Todd,Unknown
S.W.A.T.,Unknown
CSI: Vegas,Unknown
The Golden Bachelor,Unknown
The Irrational,Unknown
Sunday Night Football,Unknown
Tracker,Unknown
High Potential,Unknown
Matlock,Unknown
Georgie & Mandy's First Marriage,Multi-camera
Ghosts,Unknown
Monday Night Football,Multi-camera
Elsbeth,Unknown
Will Trent,Unknown
9-1-1,Unknown
Watson,Unknown
Shifting Gears,Unknown
The Rookie,Unknown
FBI,Unknown
NCIS,Unknown
Chicago Fire,Unknown
Blue Bloods,Single-camera
Chicago P.D.,Unknown
Chicago Med,Single-camera
Fire Country,Unknown
NCIS: Origins,Unknown
Abbott Elementary,Single-camera
60 Minutes,Multi-camera
Law & Order: Special Victims Unit,Single-camera
FBI: Most Wanted,Single-camera
Survivor 48,Unknown
The Voice,Unknown
The Equalizer,Unknown
FBI: International,Unknown
Survivor 47,Unknown
