,year,rank,show_title,network,rating
0,1950,1,Texaco Star Theater,NBC,61.6
1,1950,2,Fireside Theatre,NBC,52.6
2,1950,3,Philco TV Playhouse,NBC,45.3
3,1950,4,Your Show of Shows,NBC,42.6
4,1950,5,The Colgate Comedy Hour,NBC,42.0
5,1950,6,Gillette Cavalcade of Sports,NBC,41.3
6,1950,7,The Lone Ranger,ABC,41.2
7,1950,8,Arthur Godfrey's Talent Scouts,CBS,40.6
8,1950,9,Hopalong Cassidy,NBC,39.9
9,1950,10,Mama,CBS,39.7
10,1950,11,Robert Montgomery Presents,NBC,38.8
11,1950,12,"Martin Kane, Private Eye",NBC,37.8
12,1950,13,Man Against Crime,CBS,37.4
13,1950,14,Kraft Television Theatre,NBC,37.0
14,1950,15,The Toast of the Town,CBS,36.5
15,1950,16,The Aldrich Family,NBC,36.1
16,1950,17,You Bet Your Life,NBC,36.0
17,1950,18,Arthur Godfrey and His Friends,CBS,35.9
18,1950,19,Armstrong Circle Theatre,NBC,35.6
19,1950,Lights Out,,NBC,35.6
20,1950,Big Town,,NBC,35.6
21,1950,22,The Alan Young Show,NBC,34.4
22,1950,23,Stop the Music,ABC,34.0
23,1950,24,Studio One,CBS,33.8
24,1950,25,The Big Story,NBC,33.7
25,1950,26,Pabst Blue Ribbon Bouts,CBS,33.4
26,1950,The Original Amateur Hour,,CBS,33.4
27,1950,28,The Ken Murray Show,CBS,32.1
28,1950,29,Your Hit Parade,NBC,32.0
29,1950,30,Lux Video Theatre,CBS,31.5
30,1950,The Speidel Show,,CBS,31.5
31,1951,1,Arthur Godfrey's Talent Scouts,CBS,53.8
32,1951,2,Texaco Star Theater,NBC,52.0
33,1951,3,I Love Lucy,CBS,50.9
34,1951,4,The Red Skelton Show,NBC,50.2
35,1951,5,The Colgate Comedy Hour,NBC,45.3
36,1951,6,Arthur Godfrey and His Friends,CBS,43.3
37,1951,7,Fireside Theatre,NBC,43.1
38,1951,8,Your Show of Shows,NBC,43.0
39,1951,9,The Jack Benny Show,CBS,42.8
40,1951,10,You Bet Your Life,NBC,42.1
41,1951,11,Mama,CBS,41.3
42,1951,12,Philco TV Playhouse,NBC,40.4
43,1951,13,Amos 'n' Andy,CBS,38.9
44,1951,14,Gangbusters,NBC,38.7
45,1951,15,Big Town,CBS,38.5
46,1951,16,Goodyear TV Playhouse,NBC,37.8
47,1951,17,Pabst Blue Ribbon Bouts,CBS,37.5
48,1951,18,The Lone Ranger,ABC,36.8
49,1951,19,Gillette Cavalcade of Sports,NBC,36.5
50,1951,20,All Star Revue,NBC,36.3
51,1951,Dragnet,,NBC,36.3
52,1951,22,The Alan Young Show,CBS,35.8
53,1951,23,Kraft Television Theatre,NBC,34.8
54,1951,24,Armstrong Circle Theatre,NBC,34.7
55,1951,25,Strike It Rich,CBS,34.5
56,1951,26,Robert Montgomery Presents,NBC,34.4
57,1951,27,The Roy Rogers Show,NBC,32.7
58,1951,28,Hopalong Cassidy,NBC,32.2
59,1951,29,Man Against Crime,CBS,32.0
60,1951,Racket Squad,,CBS,32.0
61,1952,1,I Love Lucy,CBS,67.3
62,1952,2,Arthur Godfrey's Talent Scouts,CBS,54.7
63,1952,3,Arthur Godfrey and His Friends,CBS,47.1
64,1952,4,Dragnet,NBC,46.8
65,1952,5,Texaco Star Theater,NBC,46.7
66,1952,6,The Buick Circus Hour,NBC,46.0
67,1952,7,The Colgate Comedy Hour,NBC,44.3
68,1952,8,Gangbusters,NBC,42.4
69,1952,9,You Bet Your Life,NBC,41.6
70,1952,10,Fireside Theatre,NBC,40.6
71,1952,11,The Red Buttons Show,CBS,40.2
72,1952,12,The Jack Benny Show,CBS,39.0
73,1952,13,Life with Luigi,CBS,38.5
74,1952,14,Pabst Blue Ribbon Bouts,CBS,37.9
75,1952,15,Goodyear TV Playhouse,NBC,37.8
76,1952,16,The Life of Riley,NBC,37.4
77,1952,17,Philco TV Playhouse,NBC,37.3
78,1952,18,Mama,CBS,37.0
79,1952,19,Your Show of Shows,NBC,36.0
80,1952,20,What's My Line?,CBS,35.3
81,1952,Strike It Rich,,CBS,35.3
82,1952,22,Our Miss Brooks,CBS,35.0
83,1952,The Big Story,,CBS,35.0
84,1952,24,Gillette Cavalcade of Sports,CBS,34.7
85,1952,25,Amos 'n' Andy,CBS,34.4
86,1952,26,All Star Revue,NBC,34.3
87,1952,27,Treasury Men in Action,NBC,34.2
88,1952,28,The Red Skelton Show,NBC,33.7
89,1952,The Lone Ranger,ABC,NBC,33.7
90,1952,30,Ford Theatre,NBC,33.6
91,1953,1,I Love Lucy,CBS,58.8
92,1953,2,Dragnet,NBC,53.2
93,1953,3,Arthur Godfrey's Talent Scouts,CBS,43.6
94,1953,You Bet Your Life,,CBS,43.6
95,1953,5,The Milton Berle Show,CBS,40.2
96,1953,6,Arthur Godfrey and His Friends,CBS,38.9
97,1953,7,Ford Theatre,NBC,38.8
98,1953,8,The Jackie Gleason Show,CBS,38.1
99,1953,9,Fireside Theatre,NBC,36.4
100,1953,10,The Colgate Comedy Hour,NBC,36.2
101,1953,This Is Your Life,,NBC,36.2
102,1953,12,The Red Buttons Show,CBS,35.3
103,1953,13,The Life of Riley,NBC,35.0
104,1953,14,Our Miss Brooks,CBS,34.2
105,1953,15,Treasury Men in Action,NBC,33.9
106,1953,16,The Jack Benny Show,CBS,33.3
107,1953,17,The Toast of the Town,CBS,33.0
108,1953,18,Gillette Cavalcade of Sports,NBC,32.7
109,1953,19,Philco TV Playhouse,NBC,32.5
110,1953,20,The George Burns and Gracie Allen Show,CBS,32.4
111,1953,21,Kraft Television Theatre,NBC,31.3
112,1953,22,Goodyear TV Playhouse,NBC,31.0
113,1953,23,Pabst Blue Ribbon Bouts,CBS,30.9
114,1953,24,Private Secretary,CBS,30.3
115,1953,25,I Married Joan,NBC,30.2
116,1953,Mama,,NBC,30.2
117,1953,27,General Electric Theater,NBC,29.9
118,1953,28,What's My Line?,NBC,29.6
119,1953,29,The Big Story,NBC,29.5
120,1953,"Martin Kane, Private Eye",,NBC,29.5
121,1953,Your Hit Parade,,NBC,29.5
122,1954,1,I Love Lucy,CBS,49.3
123,1954,2,The Jackie Gleason Show,CBS,42.4
124,1954,3,Dragnet,NBC,42.1
125,1954,4,You Bet Your Life,NBC,41.0
126,1954,5,The Toast of the Town,CBS,39.6
127,1954,6,Disneyland,ABC,39.1
128,1954,7,The Jack Benny Show,CBS,38.3
129,1954,8,The George Gobel Show,NBC,35.2
130,1954,9,Ford Theatre,NBC,34.9
131,1954,10,December Bride,CBS,34.7
132,1954,11,The Buick-Berle Show,NBC,34.6
133,1954,12,This Is Your Life,NBC,34.5
134,1954,13,I've Got a Secret,CBS,34.0
135,1954,14,Two for the Money,CBS,33.9
136,1954,15,Your Hit Parade,NBC,33.6
137,1954,16,The Millionaire,CBS,33.0
138,1954,17,General Electric Theater,CBS,32.6
139,1954,18,Arthur Godfrey's Talent Scouts,CBS,32.5
140,1954,19,Private Secretary,CBS,32.2
141,1954,20,Fireside Theatre,NBC,31.1
142,1954,21,The Life of Riley,NBC,30.9
143,1954,22,Arthur Godfrey and His Friends,CBS,29.8
144,1954,23,The Adventures of Rin Tin Tin,ABC,29.5
145,1954,24,Topper,CBS,29.4
146,1954,25,Pabst Blue Ribbon Bouts,CBS,29.1
147,1954,26,The George Burns and Gracie Allen Show,CBS,29.0
148,1954,27,The Colgate Comedy Hour,NBC,28.0
149,1954,28,The Loretta Young Show,NBC,27.7
150,1954,29,My Little Margie,NBC,27.1
151,1954,30,The Roy Rogers Show,NBC,26.9
152,1955,1,"The $64,000 Question",CBS,47.5
153,1955,2,I Love Lucy,CBS,46.1
154,1955,3,The Ed Sullivan Show,CBS,39.5
155,1955,4,Disneyland,ABC,37.4
156,1955,5,The Jack Benny Show,CBS,37.2
157,1955,6,December Bride,CBS,37.0
158,1955,7,You Bet Your Life,NBC,35.4
159,1955,8,Dragnet,NBC,35.0
160,1955,9,The Millionaire,CBS,33.8
161,1955,10,I've Got a Secret,CBS,33.5
162,1955,11,General Electric Theater,CBS,32.9
163,1955,12,Private Secretary,CBS,32.4
164,1955,Ford Theatre,,CBS,32.4
165,1955,14,The Red Skelton Show,CBS,32.3
166,1955,15,The George Gobel Show,NBC,31.9
167,1955,16,Arthur Godfrey's Talent Scouts,CBS,31.1
168,1955,17,The Lineup,CBS,30.8
169,1955,18,,NBC,30.3
170,1955,19,The Honeymooners,CBS,30.2
171,1955,20,The Adventures of Robin Hood,CBS,30.1
172,1955,21,The Life of Riley,NBC,29.9
173,1955,22,Climax!,CBS,29.6
174,1955,23,Your Hit Parade,NBC,29.1
175,1955,24,Fireside Theatre,NBC,29.0
176,1955,25,Lux Video Theatre,NBC,28.9
177,1955,26,This Is Your Life,NBC,28.8
178,1955,27,People Are Funny,NBC,28.4
179,1955,The George Burns and Gracie Allen Show,,NBC,28.4
180,1955,29,The Chevy Show,NBC,28.2
181,1955,30,The Phil Silvers Show,CBS,28.1
182,1956,1,I Love Lucy,CBS,43.7
183,1956,2,The Ed Sullivan Show,CBS,38.4
184,1956,3,General Electric Theater,CBS,36.9
185,1956,4,"The $64,000 Question",CBS,36.4
186,1956,5,December Bride,CBS,35.2
187,1956,6,Alfred Hitchcock Presents,CBS,33.9
188,1956,7,I've Got a Secret,CBS,32.7
189,1956,Gunsmoke,,CBS,32.7
190,1956,9,,NBC,32.6
191,1956,10,The Jack Benny Show,CBS,32.3
192,1956,11,Dragnet,NBC,32.1
193,1956,12,Arthur Godfrey's Talent Scouts,CBS,31.9
194,1956,13,The Millionaire,CBS,31.8
195,1956,Disneyland,ABC,CBS,31.8
196,1956,15,The Red Skelton Show,CBS,31.4
197,1956,The Lineup,,CBS,31.4
198,1956,17,You Bet Your Life,NBC,31.1
199,1956,18,The Life and Legend of Wyatt Earp,ABC,31.0
200,1956,19,The Ford Show,NBC,30.7
201,1956,20,The Adventures of Robin Hood,CBS,30.3
202,1956,21,People Are Funny,NBC,30.2
203,1956,22,"The $64,000 Challenge",CBS,29.7
204,1956,The Phil Silvers Show,,CBS,29.7
205,1956,24,Lassie,CBS,29.5
206,1956,25,Private Secretary,CBS,29.0
207,1956,26,Climax!,CBS,28.9
208,1956,What's My Line?,,CBS,28.9
209,1956,28,The George Burns and Gracie Allen Show,CBS,27.8
210,1956,29,The Jackie Gleason Show,CBS,27.6
211,1956,30,Name That Tune,CBS,27.2
212,1957,1,Gunsmoke,CBS,43.1
213,1957,2,The Danny Thomas Show,CBS,35.3
214,1957,3,Tales of Wells Fargo,NBC,35.2
215,1957,4,Have Gun – Will Travel,CBS,33.7
216,1957,5,I've Got a Secret,CBS,33.4
217,1957,6,The Life and Legend of Wyatt Earp,ABC,32.6
218,1957,7,General Electric Theater,CBS,31.5
219,1957,8,The Restless Gun,NBC,31.4
220,1957,9,December Bride,CBS,30.7
221,1957,10,You Bet Your Life,NBC,30.6
222,1957,11,,NBC,30.5
223,1957,12,Alfred Hitchcock Presents,CBS,30.3
224,1957,Cheyenne,,CBS,30.3
225,1957,14,The Ford Show,NBC,29.7
226,1957,15,The Red Skelton Show,CBS,28.9
227,1957,16,The Gale Storm Show,CBS,28.8
228,1957,17,The Millionaire,CBS,28.5
229,1957,18,The Lineup,CBS,28.4
230,1957,19,This Is Your Life,NBC,28.1
231,1957,"The $64,000 Question",,NBC,28.1
232,1957,21,Zane Grey Theater,NBC,27.9
233,1957,22,Lassie,NBC,27.8
234,1957,23,Wagon Train,NBC,27.7
235,1957,Sugarfoot,,NBC,27.7
236,1957,Father Knows Best,,NBC,27.7
237,1957,26,Twenty-One,NBC,27.6
238,1957,27,The Ed Sullivan Show,CBS,27.3
239,1957,28,The Jack Benny Show,CBS,27.1
240,1957,29,People Are Funny,NBC,27.0
241,1957,30,The Loretta Young Show,NBC,26.6
242,1957,Zorro,,NBC,26.6
243,1957,The Real McCoys,,NBC,26.6
244,1958,1,Gunsmoke,CBS,39.6
245,1958,2,Wagon Train,NBC,36.1
246,1958,3,Have Gun – Will Travel,CBS,34.3
247,1958,4,The Rifleman,ABC,33.1
248,1958,5,The Danny Thomas Show,CBS,32.8
249,1958,6,Maverick,ABC,30.4
250,1958,7,Tales of Wells Fargo,NBC,30.2
251,1958,8,The Real McCoys,ABC,30.1
252,1958,9,I've Got a Secret,CBS,29.8
253,1958,10,The Life and Legend of Wyatt Earp,ABC,29.1
254,1958,11,The Price Is Right,NBC,28.6
255,1958,12,The Red Skelton Show,CBS,28.5
256,1958,13,Zane Grey Theater,CBS,28.3
257,1958,Father Knows Best,,CBS,28.3
258,1958,15,The Texan,CBS,28.2
259,1958,16,Wanted: Dead or Alive,CBS,28.0
260,1958,Peter Gunn,,CBS,28.0
261,1958,18,Cheyenne,ABC,27.9
262,1958,19,Perry Mason,CBS,27.5
263,1958,20,The Ford Show,NBC,27.2
264,1958,21,Sugarfoot,ABC,27.0
265,1958,The Ann Sothern Show,,ABC,27.0
266,1958,The Perry Como Show,,ABC,27.0
267,1958,24,Alfred Hitchcock Presents,CBS,26.8
268,1958,25,Name That Tune,CBS,26.7
269,1958,General Electric Theater,,CBS,26.7
270,1958,27,The Lawman,ABC,26.0
271,1958,28,Rawhide,CBS,25.9
272,1958,29,This Is Your Life,NBC,25.8
273,1958,30,The Millionaire,CBS,25.6
274,1959,1,Gunsmoke,CBS,40.3
275,1959,2,Wagon Train,NBC,38.4
276,1959,3,Have Gun – Will Travel,CBS,34.7
277,1959,4,The Danny Thomas Show,CBS,31.1
278,1959,5,The Red Skelton Show,CBS,30.8
279,1959,6,Father Knows Best,CBS,29.7
280,1959,77 Sunset Strip,ABC,CBS,29.7
281,1959,8,The Price Is Right,NBC,29.2
282,1959,9,Wanted: Dead or Alive,CBS,28.7
283,1959,10,Perry Mason,CBS,28.3
284,1959,11,The Real McCoys,ABC,28.2
285,1959,12,The Ed Sullivan Show,CBS,28.0
286,1959,13,The Rifleman,ABC,27.5
287,1959,14,The Ford Show,NBC,27.4
288,1959,15,The Lawman,ABC,26.2
289,1959,16,Dennis the Menace,CBS,26.0
290,1959,17,Cheyenne,ABC,25.9
291,1959,18,Rawhide,CBS,25.8
292,1959,19,Maverick,ABC,25.2
293,1959,20,The Life and Legend of Wyatt Earp,ABC,25.0
294,1959,21,Mr. Lucky,CBS,24.4
295,1959,Zane Grey Theater,,CBS,24.4
296,1959,General Electric Theater,,CBS,24.4
297,1959,24,The Ann Sothern Show,CBS,24.2
298,1959,25,Alfred Hitchcock Presents,CBS,24.1
299,1959,26,You Bet Your Life,NBC,24.0
300,1959,27,What's My Line?,CBS,23.9
301,1959,28,I've Got a Secret,CBS,23.5
302,1959,29,,NBC,23.1
303,1959,Lassie,,NBC,23.1
304,1960,1,Gunsmoke,CBS,37.3
305,1960,2,Wagon Train,NBC,34.2
306,1960,3,Have Gun – Will Travel,CBS,30.9
307,1960,4,The Andy Griffith Show,CBS,27.8
308,1960,5,The Real McCoys,ABC,27.7
309,1960,6,Rawhide,CBS,27.5
310,1960,7,Candid Camera,CBS,27.3
311,1960,8,The Untouchables,ABC,27.0
312,1960,The Price Is Right,,ABC,27.0
313,1960,10,The Jack Benny Show,CBS,26.2
314,1960,11,Dennis the Menace,CBS,26.1
315,1960,12,The Danny Thomas Show,CBS,25.9
316,1960,13,My Three Sons,ABC,25.8
317,1960,77 Sunset Strip,,ABC,25.8
318,1960,15,The Ed Sullivan Show,CBS,25.0
319,1960,16,Perry Mason,CBS,24.9
320,1960,17,Bonanza,NBC,24.8
321,1960,18,The Flintstones,ABC,24.3
322,1960,19,The Red Skelton Show,CBS,24.0
323,1960,20,General Electric Theater,CBS,23.4
324,1960,21,Checkmate,CBS,23.2
325,1960,22,What's My Line?,CBS,23.1
326,1960,23,The Many Loves of Dobie Gillis,CBS,23.0
327,1960,24,The Ford Show,NBC,22.9
328,1960,25,The Garry Moore Show,CBS,22.7
329,1960,26,The Lawman,ABC,22.3
330,1960,27,The Rifleman,ABC,22.1
331,1960,28,Cheyenne,ABC,22.0
332,1960,29,Peter Gunn,NBC,21.9
333,1960,30,Route 66,CBS,21.7
334,1961,1,Wagon Train,NBC,32.1
335,1961,2,Bonanza,NBC,30.0
336,1961,3,Gunsmoke,CBS,28.3
337,1961,4,Hazel,NBC,27.7
338,1961,5,Perry Mason,CBS,27.3
339,1961,6,The Red Skelton Show,CBS,27.1
340,1961,7,The Andy Griffith Show,CBS,27.0
341,1961,8,The Danny Thomas Show,CBS,26.1
342,1961,9,Dr. Kildare,NBC,25.6
343,1961,10,Candid Camera,CBS,25.5
344,1961,11,My Three Sons,ABC,24.7
345,1961,12,The Garry Moore Show,CBS,24.6
346,1961,13,Rawhide,CBS,24.5
347,1961,14,The Real McCoys,ABC,24.2
348,1961,15,Lassie,CBS,24.0
349,1961,Sing Along with Mitch,,CBS,24.0
350,1961,17,Dennis the Menace,CBS,23.8
351,1961,18,Ben Casey,ABC,23.7
352,1961,19,The Ed Sullivan Show,CBS,23.5
353,1961,20,"Car 54, Where Are You?",NBC,23.2
354,1961,21,The Flintstones,ABC,22.9
355,1961,The Many Loves of Dobie Gillis,,ABC,22.9
356,1961,23,Walt Disney's Wonderful World of Color,NBC,22.7
357,1961,24,The Joey Bishop Show,NBC,22.6
358,1961,25,,NBC,22.5
359,1961,26,The Defenders,CBS,22.4
360,1961,27,The Price Is Right,NBC,22.3
361,1961,The Rifleman,,NBC,22.3
362,1961,29,Have Gun – Will Travel,CBS,22.2
363,1961,30,The Donna Reed Show,ABC,21.9
364,1961,77 Sunset Strip,,ABC,21.9
365,1962,1,The Beverly Hillbillies,CBS,36.0
366,1962,2,Candid Camera,CBS,31.1
367,1962,The Red Skelton Show,,CBS,31.1
368,1962,4,Bonanza,NBC,29.8
369,1962,The Lucy Show,,NBC,29.8
370,1962,6,The Andy Griffith Show,NBC,29.7
371,1962,7,Ben Casey,ABC,28.7
372,1962,The Danny Thomas Show,,ABC,28.7
373,1962,9,The Dick Van Dyke Show,ABC,27.1
374,1962,10,Gunsmoke,ABC,27.0
375,1962,11,Dr. Kildare,NBC,26.2
376,1962,The Jack Benny Show,,NBC,26.2
377,1962,13,What's My Line?,NBC,25.5
378,1962,14,The Ed Sullivan Show,NBC,25.3
379,1962,15,Hazel,NBC,25.1
380,1962,16,I've Got a Secret,CBS,24.9
381,1962,17,The Jackie Gleason Show,CBS,24.1
382,1962,18,The Defenders,CBS,23.9
383,1962,19,The Garry Moore Show,CBS,23.3
384,1962,To Tell the Truth,,CBS,23.3
385,1962,Lassie,,CBS,23.3
386,1962,22,Rawhide,CBS,22.8
387,1962,23,Perry Mason,CBS,22.4
388,1962,24,Walt Disney's Wonderful World of Color,NBC,22.3
389,1962,25,Wagon Train,ABC,22.0
390,1962,26,The Virginian,NBC,21.7
391,1962,27,Route 66,CBS,21.3
392,1962,28,My Three Sons,ABC,21.0
393,1962,29,Have Gun – Will Travel,CBS,20.8
394,1962,30,The Flintstones,ABC,20.5
395,1963,1,The Beverly Hillbillies,CBS,39.1
396,1963,2,Bonanza,NBC,36.9
397,1963,3,The Dick Van Dyke Show,CBS,33.3
398,1963,4,Petticoat Junction,CBS,30.3
399,1963,5,The Andy Griffith Show,CBS,29.4
400,1963,6,The Lucy Show,CBS,28.1
401,1963,7,Candid Camera,CBS,27.7
402,1963,8,The Ed Sullivan Show,CBS,27.5
403,1963,9,The Danny Thomas Show,CBS,26.7
404,1963,10,My Favorite Martian,CBS,26.3
405,1963,11,The Red Skelton Show,CBS,25.7
406,1963,12,I've Got a Secret,CBS,25.0
407,1963,Lassie,,CBS,25.0
408,1963,The Jack Benny Show,,CBS,25.0
409,1963,15,The Jackie Gleason Show,CBS,24.6
410,1963,16,The Donna Reed Show,ABC,24.5
411,1963,17,The Virginian,NBC,24.0
412,1963,18,The Patty Duke Show,ABC,23.9
413,1963,19,Dr. Kildare,NBC,23.6
414,1963,20,Gunsmoke,CBS,23.5
415,1963,21,Walt Disney's Wonderful World of Color,NBC,23.0
416,1963,22,Hazel,NBC,22.8
417,1963,McHale's Navy,,NBC,22.8
418,1963,24,To Tell the Truth,CBS,22.6
419,1963,What's My Line?,,CBS,22.6
420,1963,26,Perry Mason,CBS,22.1
421,1963,27,My Three Sons,ABC,21.9
422,1963,28,The Fugitive,ABC,21.7
423,1963,29,The Adventures of Ozzie and Harriet,ABC,21.6
424,1963,30,The Danny Kaye Show,CBS,21.5
425,1963,Bob Hope Presents the Chrysler Theatre,,CBS,21.5
426,1964,1,Bonanza,NBC,36.3
427,1964,2,Bewitched,ABC,31.0
428,1964,3,"Gomer Pyle, U.S.M.C.",CBS,30.7
429,1964,4,The Andy Griffith Show,CBS,28.3
430,1964,5,The Fugitive,ABC,27.9
431,1964,6,The Red Skelton Hour,CBS,27.4
432,1964,7,The Dick Van Dyke Show,CBS,27.1
433,1964,8,The Lucy Show,CBS,26.6
434,1964,9,Peyton Place,ABC,26.4
435,1964,10,Combat!,ABC,26.1
436,1964,11,Walt Disney's Wonderful World of Color,NBC,25.7
437,1964,12,The Beverly Hillbillies,CBS,25.6
438,1964,13,My Three Sons,ABC,25.5
439,1964,14,Branded,NBC,25.3
440,1964,15,Petticoat Junction,CBS,25.2
441,1964,The Ed Sullivan Show,,CBS,25.2
442,1964,17,Lassie,CBS,25.1
443,1964,18,The Munsters,CBS,24.7
444,1964,Gilligan's Island,,CBS,24.7
445,1964,20,Peyton Place,ABC,24.6
446,1964,21,The Jackie Gleason Show,CBS,24.4
447,1964,22,The Virginian,NBC,24.0
448,1964,23,The Addams Family,ABC,23.9
449,1964,24,My Favorite Martian,CBS,23.7
450,1964,25,Flipper,NBC,23.4
451,1964,26,I've Got a Secret,CBS,23.0
452,1964,27,Gunsmoke,CBS,22.6
453,1964,28,The Patty Duke Show,ABC,22.4
454,1964,29,McHale's Navy,ABC,22.3
455,1964,30,The Lawrence Welk Show,ABC,22.0
456,1965,1,Bonanza,NBC,31.8
457,1965,2,"Gomer Pyle, U.S.M.C.",CBS,27.8
458,1965,3,The Lucy Show,CBS,27.7
459,1965,4,The Red Skelton Hour,CBS,27.6
460,1965,5,Batman,ABC,27.0
461,1965,6,The Andy Griffith Show,CBS,26.9
462,1965,7,Bewitched,ABC,25.9
463,1965,The Beverly Hillbillies,,ABC,25.9
464,1965,9,Hogan's Heroes,ABC,24.9
465,1965,10,Batman,ABC,24.7
466,1965,11,Green Acres,CBS,24.6
467,1965,12,Get Smart,NBC,24.5
468,1965,13,The Man from U.N.C.L.E.,NBC,24.0
469,1965,14,Daktari,CBS,23.9
470,1965,15,My Three Sons,CBS,23.8
471,1965,16,The Dick Van Dyke Show,CBS,23.6
472,1965,17,Walt Disney's Wonderful World of Color,NBC,23.2
473,1965,The Ed Sullivan Show,,NBC,23.2
474,1965,19,The Lawrence Welk Show,ABC,22.4
475,1965,I've Got a Secret,,ABC,22.4
476,1965,21,Petticoat Junction,ABC,22.3
477,1965,22,Gilligan's Island,ABC,22.1
478,1965,23,The Wild Wild West,ABC,22.0
479,1965,The Jackie Gleason Show,,ABC,22.0
480,1965,The Virginian,,ABC,22.0
481,1965,26,Daniel Boone,ABC,21.9
482,1965,27,Lassie,CBS,21.8
483,1965,I Dream of Jeannie,,CBS,21.8
484,1965,29,Flipper,CBS,21.6
485,1965,30,Gunsmoke,CBS,21.3
486,1966,1,Bonanza,NBC,29.1
487,1966,2,The Red Skelton Hour,CBS,28.2
488,1966,3,The Andy Griffith Show,CBS,27.4
489,1966,4,The Lucy Show,CBS,26.2
490,1966,5,The Jackie Gleason Show,CBS,25.3
491,1966,6,Green Acres,CBS,24.6
492,1966,7,Daktari,CBS,23.4
493,1966,Bewitched,ABC,CBS,23.4
494,1966,The Beverly Hillbillies,,CBS,23.4
495,1966,10,"Gomer Pyle, U.S.M.C.",CBS,22.8
496,1966,The Virginian,,CBS,22.8
497,1966,The Lawrence Welk Show,,CBS,22.8
498,1966,The Ed Sullivan Show,,CBS,22.8
499,1966,14,The Dean Martin Show,NBC,22.6
500,1966,Family Affair,,NBC,22.6
501,1966,16,The Smothers Brothers Comedy Hour,NBC,22.2
502,1966,17,Friday Night Movies,NBC,21.8
503,1966,Hogan's Heroes,,NBC,21.8
504,1966,19,Walt Disney's Wonderful World of Color,NBC,21.5
505,1966,20,Saturday Night at the Movies,NBC,21.4
506,1966,21,Dragnet,NBC,21.2
507,1966,22,Get Smart,NBC,21.0
508,1966,23,Petticoat Junction,CBS,20.9
509,1966,The Rat Patrol,,CBS,20.9
510,1966,25,Daniel Boone,NBC,20.8
511,1966,26,Bob Hope Presents the Chrysler Theatre,NBC,20.7
512,1966,27,Tarzan,NBC,20.5
513,1966,28,ABC Sunday Night Movie,ABC,20.4
514,1966,29,I Spy,NBC,20.2
515,1966,CBS Thursday Movie,,NBC,20.2
516,1966,My Three Sons,,NBC,20.2
517,1966,The F.B.I.,,NBC,20.2
518,1967,1,The Andy Griffith Show,CBS,27.6
519,1967,2,The Lucy Show,CBS,27.0
520,1967,3,"Gomer Pyle, U.S.M.C.",CBS,25.6
521,1967,4,Gunsmoke,CBS,25.5
522,1967,Family Affair,,CBS,25.5
523,1967,Bonanza,NBC,CBS,25.5
524,1967,7,The Red Skelton Show,CBS,25.3
525,1967,8,The Dean Martin Show,NBC,24.8
526,1967,9,The Jackie Gleason Show,CBS,23.9
527,1967,10,Saturday Night at the Movies,NBC,23.6
528,1967,11,Bewitched,ABC,23.5
529,1967,12,The Beverly Hillbillies,CBS,23.3
530,1967,13,The Ed Sullivan Show,CBS,23.2
531,1967,14,The Virginian,NBC,22.9
532,1967,15,Friday Night Movies,CBS,22.8
533,1967,Green Acres,,CBS,22.8
534,1967,17,The Lawrence Welk Show,ABC,21.9
535,1967,18,The Smothers Brothers Comedy Hour,CBS,21.7
536,1967,19,Gentle Ben,CBS,21.5
537,1967,20,Tuesday Night at the Movies,NBC,21.4
538,1967,21,Rowan & Martin's Laugh-In,NBC,21.3
539,1967,22,The F.B.I.,ABC,21.2
540,1967,23,Thursday Night Movie,CBS,21.1
541,1967,24,My Three Sons,CBS,20.8
542,1967,25,Walt Disney's Wonderful World of Color,NBC,20.7
543,1967,26,Ironside,NBC,20.5
544,1967,27,The Carol Burnett Show,CBS,20.1
545,1967,Dragnet,,CBS,20.1
546,1967,29,Daniel Boone,CBS,20.0
547,1967,30,Lassie,CBS,19.9
548,1967,It Takes a Thief,,CBS,19.9
549,1968,1,Rowan & Martin's Laugh-In,NBC,31.8
550,1968,2,"Gomer Pyle, U.S.M.C.",CBS,27.2
551,1968,3,Bonanza,NBC,26.6
552,1968,4,Mayberry R.F.D.,CBS,25.4
553,1968,5,Family Affair,CBS,25.2
554,1968,6,Gunsmoke,CBS,24.9
555,1968,7,Julia,NBC,24.6
556,1968,8,The Dean Martin Show,NBC,24.1
557,1968,9,Here's Lucy,CBS,23.8
558,1968,10,The Beverly Hillbillies,CBS,23.5
559,1968,11,Mission: Impossible,CBS,23.3
560,1968,Bewitched,ABC,CBS,23.3
561,1968,The Red Skelton Hour,,CBS,23.3
562,1968,14,My Three Sons,CBS,22.8
563,1968,15,The Glen Campbell Goodtime Hour,CBS,22.5
564,1968,16,Ironside,NBC,22.3
565,1968,17,The Virginian,NBC,21.8
566,1968,18,The F.B.I.,ABC,21.7
567,1968,19,Green Acres,CBS,21.6
568,1968,20,Dragnet,NBC,21.4
569,1968,21,Daniel Boone,NBC,21.3
570,1968,Walt Disney's Wonderful World of Color,,NBC,21.3
571,1968,23,The Ed Sullivan Show,CBS,21.2
572,1968,24,The Carol Burnett Show,CBS,20.8
573,1968,The Jackie Gleason Show,,CBS,20.8
574,1968,26,I Dream of Jeannie,NBC,20.7
575,1968,27,The Smothers Brothers Comedy Hour,CBS,20.6
576,1968,28,The Mod Squad,ABC,20.5
577,1968,The Lawrence Welk Show,,ABC,20.5
578,1968,30,The Doris Day Show,CBS,20.4
579,1969,1,Rowan & Martin's Laugh-In,NBC,26.3
580,1969,2,Gunsmoke,CBS,25.9
581,1969,3,Bonanza,NBC,24.8
582,1969,4,Mayberry R.F.D.,CBS,24.4
583,1969,5,Family Affair,CBS,24.2
584,1969,6,Here's Lucy,CBS,23.9
585,1969,7,The Red Skelton Hour,CBS,23.8
586,1969,8,"Marcus Welby, M.D.",ABC,23.7
587,1969,9,Walt Disney's Wonderful World of Color,NBC,23.6
588,1969,10,The Doris Day Show,CBS,22.8
589,1969,11,The Bill Cosby Show,NBC,22.7
590,1969,12,The Jim Nabors Hour,CBS,22.4
591,1969,13,The Carol Burnett Show,CBS,22.1
592,1969,14,The Dean Martin Show,NBC,21.9
593,1969,15,My Three Sons,CBS,21.8
594,1969,Ironside,,CBS,21.8
595,1969,The Johnny Cash Show,,CBS,21.8
596,1969,18,The Beverly Hillbillies,CBS,21.7
597,1969,19,Hawaii Five-O,CBS,21.1
598,1969,20,The Glen Campbell Goodtime Hour,CBS,21.0
599,1969,Hee Haw,,CBS,21.0
600,1969,22,Movie of the Week,ABC,20.9
601,1969,23,The Mod Squad,ABC,20.8
602,1969,24,Saturday Night Movie,NBC,20.6
603,1969,Bewitched,,NBC,20.6
604,1969,The F.B.I.,,NBC,20.6
605,1969,27,The Ed Sullivan Show,CBS,20.3
606,1969,28,Julia,NBC,20.1
607,1969,29,CBS Thursday Movie,CBS,20.0
608,1969,30,Mannix,CBS,19.9
609,1970,1,"Marcus Welby, M.D.",ABC,29.6
610,1970,2,The Flip Wilson Show,NBC,27.9
611,1970,3,Here's Lucy,CBS,26.1
612,1970,4,Ironside,NBC,25.7
613,1970,5,Gunsmoke,CBS,25.5
614,1970,6,ABC Movie of the Week,ABC,25.1
615,1970,7,Hawaii Five-O,CBS,25.0
616,1970,8,Medical Center,CBS,24.5
617,1970,9,Bonanza,NBC,23.9
618,1970,10,The F.B.I.,ABC,23.0
619,1970,11,The Mod Squad,ABC,22.7
620,1970,12,Adam-12,NBC,22.6
621,1970,13,Rowan & Martin's Laugh-In,NBC,22.4
622,1970,The Wonderful World of Disney,,NBC,22.4
623,1970,15,Mayberry R.F.D.,CBS,22.3
624,1970,16,Hee Haw,CBS,21.4
625,1970,17,Mannix,CBS,21.3
626,1970,18,The Men from Shiloh,NBC,21.2
627,1970,19,My Three Sons,CBS,20.8
628,1970,20,The Doris Day Show,CBS,20.7
629,1970,21,The Smith Family,ABC,20.6
630,1970,22,The Mary Tyler Moore Show,CBS,20.3
631,1970,23,NBC Saturday Movie,NBC,20.1
632,1970,24,The Dean Martin Show,NBC,20.0
633,1970,25,The Carol Burnett Show,CBS,19.8
634,1970,The Partridge Family,,CBS,19.8
635,1970,NBC Monday Movie,,CBS,19.8
636,1970,28,ABC Sunday Movie,ABC,19.7
637,1970,29,The Jim Nabors Hour,CBS,19.5
638,1970,30,CBS Thursday Movie,CBS,19.3
639,1971,1,All in the Family,CBS,34.0
640,1971,2,The Flip Wilson Show,NBC,28.2
641,1971,3,"Marcus Welby, M.D.",ABC,27.8
642,1971,4,Gunsmoke,CBS,26.0
643,1971,5,ABC Movie of the Week,ABC,25.6
644,1971,6,Sanford and Son,NBC,25.2
645,1971,7,Mannix,CBS,24.8
646,1971,8,Funny Face,CBS,23.9
647,1971,Adam-12,,CBS,23.9
648,1971,10,The Mary Tyler Moore Show,CBS,23.7
649,1971,Here's Lucy,,CBS,23.7
650,1971,12,Hawaii Five-O,CBS,23.6
651,1971,13,Medical Center,CBS,23.5
652,1971,14,The NBC Mystery Movie,NBC,23.2
653,1971,15,Ironside,NBC,23.0
654,1971,16,The Partridge Family,ABC,22.6
655,1971,17,The F.B.I.,ABC,22.4
656,1971,18,The New Dick Van Dyke Show,CBS,22.2
657,1971,19,The Wonderful World of Disney,NBC,22.0
658,1971,20,Bonanza,NBC,21.9
659,1971,21,The Mod Squad,ABC,21.5
660,1971,22,Rowan & Martin's Laugh-In,NBC,21.4
661,1971,23,The Carol Burnett Show,CBS,21.2
662,1971,The Doris Day Show,,CBS,21.2
663,1971,25,Monday Night Football,ABC,20.9
664,1971,26,ABC Sunday Movie,ABC,20.8
665,1971,27,The Sonny & Cher Comedy Hour,CBS,20.2
666,1971,28,Room 222,ABC,19.8
667,1971,Cannon,,ABC,19.8
668,1971,30,CBS Friday Movie,ABC,19.5
669,1972,1,All in the Family,CBS,33.3
670,1972,2,Sanford and Son,NBC,27.6
671,1972,3,Hawaii Five-O,CBS,25.2
672,1972,4,Maude,CBS,24.7
673,1972,5,Bridget Loves Bernie,CBS,24.2
674,1972,The NBC Sunday Mystery Movie,,CBS,24.2
675,1972,7,The Mary Tyler Moore Show,CBS,23.6
676,1972,Gunsmoke,,CBS,23.6
677,1972,9,The Wonderful World of Disney,NBC,23.5
678,1972,10,Ironside,NBC,23.4
679,1972,11,Adam-12,NBC,23.3
680,1972,12,The Flip Wilson Show,NBC,23.1
681,1972,13,"Marcus Welby, M.D.",ABC,22.9
682,1972,14,Cannon,CBS,22.4
683,1972,15,Here's Lucy,CBS,21.9
684,1972,16,The Bob Newhart Show,CBS,21.8
685,1972,17,Tuesday Movie of the Week,ABC,21.5
686,1972,18,Monday Night Football,ABC,21.0
687,1972,19,The Partridge Family,ABC,20.6
688,1972,The Waltons,,ABC,20.6
689,1972,Medical Center,,ABC,20.6
690,1972,22,The Carol Burnett Show,ABC,20.3
691,1972,23,ABC Sunday Movie,ABC,20.0
692,1972,The Rookies,,ABC,20.0
693,1972,25,Barnaby Jones,CBS,19.9
694,1972,The Little People,,CBS,19.9
695,1972,ABC Wednesday Movie of the Week,,CBS,19.9
696,1972,28,NBC Monday Movie,NBC,19.3
697,1972,29,ABC Monday Movie,ABC,19.2
698,1972,The F.B.I.,,ABC,19.2
699,1972,Kung Fu,,ABC,19.2
700,1973,1,All in the Family,CBS,31.2
701,1973,2,The Waltons,CBS,28.1
702,1973,3,Sanford and Son,NBC,27.5
703,1973,4,M*A*S*H,CBS,25.7
704,1973,5,Hawaii Five-O,CBS,24.0
705,1973,6,Maude,CBS,23.5
706,1973,7,Kojak,CBS,23.3
707,1973,The Sonny & Cher Comedy Hour,,CBS,23.3
708,1973,9,The Mary Tyler Moore Show,CBS,23.1
709,1973,Cannon,,CBS,23.1
710,1973,11,The Six Million Dollar Man,ABC,22.7
711,1973,12,The Bob Newhart Show,CBS,22.3
712,1973,The Wonderful World of Disney,,CBS,22.3
713,1973,14,The NBC Sunday Mystery Movie,CBS,22.2
714,1973,15,Gunsmoke,CBS,22.1
715,1973,16,Happy Days,ABC,21.5
716,1973,17,Good Times,CBS,21.4
717,1973,Barnaby Jones,,CBS,21.4
718,1973,19,Monday Night Football,ABC,21.2
719,1973,CBS Friday Night Movie,,ABC,21.2
720,1973,21,Tuesday Movie of the Week,ABC,21.0
721,1973,22,The Streets of San Francisco,ABC,20.8
722,1973,23,Adam-12,NBC,20.7
723,1973,ABC Sunday Night Movie,,NBC,20.7
724,1973,25,The Rookies,NBC,20.3
725,1973,26,ABC Monday Movie,NBC,20.2
726,1973,27,The Carol Burnett Show,CBS,20.1
727,1973,Kung Fu,,CBS,20.1
728,1973,29,Here's Lucy,CBS,20.0
729,1973,30,CBS Thursday Movie,CBS,19.9
730,1974,1,All in the Family,CBS,30.2
731,1974,2,Sanford and Son,NBC,29.6
732,1974,3,Chico and the Man,NBC,28.5
733,1974,4,The Jeffersons,CBS,27.6
734,1974,5,M*A*S*H,CBS,27.4
735,1974,6,Rhoda,CBS,26.3
736,1974,7,Good Times,CBS,25.8
737,1974,8,The Waltons,CBS,25.5
738,1974,9,Maude,CBS,24.9
739,1974,10,Hawaii Five-O,CBS,24.8
740,1974,11,The Mary Tyler Moore Show,CBS,24.0
741,1974,12,The Rockford Files,NBC,23.7
742,1974,13,Little House on the Prairie,NBC,23.5
743,1974,14,Kojak,CBS,23.3
744,1974,15,Police Woman,NBC,22.8
745,1974,16,S.W.A.T.,ABC,22.6
746,1974,17,The Bob Newhart Show,CBS,22.4
747,1974,18,The Wonderful World of Disney,NBC,22.0
748,1974,The Rookies,,NBC,22.0
749,1974,20,Mannix,CBS,21.6
750,1974,Cannon,,CBS,21.6
751,1974,22,Cher,CBS,21.3
752,1974,The Streets of San Francisco,,CBS,21.3
753,1974,The NBC Sunday Mystery Movie,,CBS,21.3
754,1974,25,Paul Sand in Friends and Lovers,CBS,20.7
755,1974,Tony Orlando & Dawn,,CBS,20.7
756,1974,27,Medical Center,CBS,20.6
757,1974,28,Gunsmoke,CBS,20.5
758,1974,29,The Carol Burnett Show,CBS,20.4
759,1974,30,Emergency!,NBC,20.0
760,1975,1,All in the Family,CBS,30.1
761,1975,2,"Rich Man, Poor Man",ABC,28.0
762,1975,3,Laverne & Shirley,ABC,27.5
763,1975,4,Maude,CBS,25.0
764,1975,5,The Bionic Woman,ABC,24.9
765,1975,6,Phyllis,CBS,24.5
766,1975,7,Sanford and Son,NBC,24.4
767,1975,Rhoda,,NBC,24.4
768,1975,9,The Six Million Dollar Man,ABC,24.3
769,1975,10,ABC Monday Night Movie,ABC,24.2
770,1975,11,Happy Days,ABC,23.9
771,1975,12,One Day at a Time,CBS,23.1
772,1975,13,ABC Sunday Night Movie,ABC,23.0
773,1975,14,The Waltons,CBS,22.9
774,1975,M*A*S*H,,CBS,22.9
775,1975,16,Starsky & Hutch,ABC,22.5
776,1975,Good Heavens,,ABC,22.5
777,1975,18,"Welcome Back, Kotter",ABC,22.1
778,1975,19,The Mary Tyler Moore Show,CBS,21.9
779,1975,20,Kojak,CBS,21.8
780,1975,21,The Jeffersons,CBS,21.5
781,1975,22,Baretta,ABC,21.3
782,1975,23,The Sonny & Cher Show,CBS,21.2
783,1975,24,Good Times,CBS,21.0
784,1975,25,Chico and the Man,NBC,20.8
785,1975,26,The Bob Newhart Show,CBS,20.7
786,1975,Donny & Marie,,CBS,20.7
787,1975,The Streets of San Francisco,,CBS,20.7
788,1975,29,The Carol Burnett Show,CBS,20.5
789,1975,30,Police Woman,NBC,20.2
790,1976,1,Happy Days,ABC,31.5
791,1976,2,Laverne & Shirley,ABC,30.9
792,1976,3,ABC Monday Night Movie,ABC,26.0
793,1976,4,M*A*S*H,CBS,25.9
794,1976,5,Charlie's Angels,ABC,25.8
795,1976,6,,NBC,24.4
796,1976,7,The Six Million Dollar Man,ABC,24.2
797,1976,8,ABC Sunday Night Movie,ABC,23.4
798,1976,Baretta,,ABC,23.4
799,1976,One Day at a Time,,ABC,23.4
800,1976,11,Three's Company,ABC,23.1
801,1976,12,All in the Family,CBS,22.9
802,1976,13,"Welcome Back, Kotter",ABC,22.7
803,1976,14,The Bionic Woman,ABC,22.4
804,1976,15,The Waltons,CBS,22.3
805,1976,Little House on the Prairie,,CBS,22.3
806,1976,17,Barney Miller,ABC,22.2
807,1976,18,60 Minutes,CBS,21.9
808,1976,Hawaii Five-O,,CBS,21.9
809,1976,20,NBC Monday Night Movie,NBC,21.8
810,1976,21,"Rich Man, Poor Man Book II",ABC,21.6
811,1976,22,Monday Night Football,ABC,21.2
812,1976,23,Eight Is Enough,ABC,21.1
813,1976,24,The Jeffersons,CBS,21.0
814,1976,25,What's Happening!!,ABC,20.9
815,1976,26,Good Times,CBS,20.5
816,1976,27,Sanford and Son,NBC,20.3
817,1976,28,ABC Friday Night Movie,ABC,20.2
818,1976,29,The Tony Randall Show,ABC,20.1
819,1976,30,Alice,CBS,20.0
820,1977,1,Laverne & Shirley,ABC,31.6
821,1977,2,Happy Days,ABC,31.4
822,1977,3,Three's Company,ABC,28.3
823,1977,4,60 Minutes,CBS,24.4
824,1977,Charlie's Angels,,CBS,24.4
825,1977,All in the Family,,CBS,24.4
826,1977,7,Little House on the Prairie,NBC,24.1
827,1977,8,Alice,CBS,23.2
828,1977,M*A*S*H,,CBS,23.2
829,1977,10,One Day at a Time,CBS,23.0
830,1977,11,How the West Was Won,ABC,22.5
831,1977,12,Eight Is Enough,ABC,22.2
832,1977,13,Soap,ABC,22.0
833,1977,14,The Love Boat,ABC,21.9
834,1977,15,NBC Monday Night Movie,NBC,21.7
835,1977,16,Monday Night Football,ABC,21.5
836,1977,17,Fantasy Island,ABC,21.4
837,1977,Barney Miller,,ABC,21.4
838,1977,19,Project U.F.O.,NBC,21.2
839,1977,20,ABC Sunday Night Movie,ABC,20.8
840,1977,The Waltons,,ABC,20.8
841,1977,22,Barnaby Jones,ABC,20.6
842,1977,23,Hawaii Five-O,ABC,20.4
843,1977,24,ABC Monday Night Movie,ABC,20.3
844,1977,25,Rhoda,CBS,20.1
845,1977,26,The Incredible Hulk,CBS,19.9
846,1977,Family,,CBS,19.9
847,1977,"Welcome Back, Kotter",,CBS,19.9
848,1977,29,On Our Own,CBS,19.6
849,1977,30,,NBC,19.4
850,1978,1,Laverne & Shirley,ABC,30.5
851,1978,2,Three's Company,ABC,30.3
852,1978,3,Mork & Mindy,ABC,28.6
853,1978,Happy Days,,ABC,28.6
854,1978,5,Angie,ABC,26.7
855,1978,6,60 Minutes,CBS,25.5
856,1978,7,M*A*S*H,CBS,25.4
857,1978,8,The Ropers,ABC,25.2
858,1978,9,All in the Family,CBS,24.9
859,1978,Taxi,,CBS,24.9
860,1978,11,Eight Is Enough,CBS,24.8
861,1978,12,Charlie's Angels,CBS,24.4
862,1978,13,Alice,CBS,23.2
863,1978,14,Little House on the Prairie,NBC,23.1
864,1978,15,ABC Sunday Night Movie,ABC,22.6
865,1978,Barney Miller,,ABC,22.6
866,1978,17,The Love Boat,ABC,22.1
867,1978,18,One Day at a Time,CBS,21.6
868,1978,19,Soap,ABC,21.3
869,1978,20,The Dukes of Hazzard,CBS,21.0
870,1978,21,NBC Monday Night Movie,NBC,20.9
871,1978,22,Fantasy Island,ABC,20.8
872,1978,23,Vega$,ABC,20.6
873,1978,24,Barnaby Jones,CBS,20.5
874,1978,25,CHiPs,NBC,20.3
875,1978,26,Stockard Channing in Just Friends,CBS,20.2
876,1978,27,Diff'rent Strokes,NBC,19.9
877,1978,28,Monday Night Football,ABC,19.8
878,1978,What's Happening!!,,ABC,19.8
879,1978,30,Lou Grant,CBS,19.7
880,1979,1,60 Minutes,CBS,28.4
881,1979,2,Three's Company,ABC,26.3
882,1979,3,That's Incredible!,ABC,25.8
883,1979,4,Alice,CBS,25.3
884,1979,M*A*S*H,,CBS,25.3
885,1979,6,Dallas,CBS,25.0
886,1979,7,Flo,CBS,24.4
887,1979,8,The Jeffersons,CBS,24.3
888,1979,9,The Dukes of Hazzard,CBS,24.1
889,1979,10,One Day at a Time,CBS,23.0
890,1979,11,Archie Bunker's Place,CBS,22.9
891,1979,12,Eight Is Enough,ABC,22.8
892,1979,13,Taxi,ABC,22.4
893,1979,14,House Calls,CBS,22.1
894,1979,Real People,NBC,CBS,22.1
895,1979,16,Little House on the Prairie,CBS,21.8
896,1979,17,Happy Days,ABC,21.7
897,1979,18,CHiPs,NBC,21.5
898,1979,19,"Trapper John, M.D.",CBS,21.2
899,1979,20,Charlie's Angels,ABC,20.9
900,1979,Barney Miller,,ABC,20.9
901,1979,22,WKRP in Cincinnati,CBS,20.7
902,1979,23,Benson,ABC,20.6
903,1979,The Love Boat,,ABC,20.6
904,1979,25,Soap,ABC,20.5
905,1979,26,Diff'rent Strokes,NBC,20.3
906,1979,27,Mork & Mindy,ABC,20.2
907,1979,28,Fantasy Island,ABC,20.1
908,1979,29,Tenspeed and Brown Shoe,ABC,20.0
909,1979,ABC Sunday Night Movie,,ABC,20.0
910,1979,Vega$,,ABC,20.0
911,1979,Knots Landing,,ABC,20.0
912,1980,1,Dallas,CBS,34.5
913,1980,2,The Dukes of Hazzard,CBS,27.3
914,1980,3,60 Minutes,CBS,27.0
915,1980,4,M*A*S*H,CBS,25.7
916,1980,5,The Love Boat,ABC,24.3
917,1980,6,The Jeffersons,CBS,23.5
918,1980,7,Alice,CBS,22.9
919,1980,8,House Calls,CBS,22.4
920,1980,Three's Company,,CBS,22.4
921,1980,10,Little House on the Prairie,NBC,22.1
922,1980,11,One Day at a Time,CBS,22.0
923,1980,12,Real People,NBC,21.5
924,1980,13,Archie Bunker's Place,CBS,21.4
925,1980,14,"Magnum, P.I.",CBS,21.0
926,1980,15,Happy Days,ABC,20.8
927,1980,Too Close for Comfort,,ABC,20.8
928,1980,17,Fantasy Island,ABC,20.7
929,1980,"Trapper John, M.D.",,ABC,20.7
930,1980,Diff'rent Strokes,,ABC,20.7
931,1980,20,Monday Night Football,ABC,20.6
932,1980,Laverne & Shirley,,ABC,20.6
933,1980,22,That's Incredible!,ABC,20.5
934,1980,23,Hart to Hart,ABC,19.9
935,1980,24,ABC Sunday Night Movie,ABC,19.4
936,1980,CHiPs,,ABC,19.4
937,1980,26,The Facts of Life,ABC,19.3
938,1980,27,Lou Grant,CBS,19.1
939,1980,28,Knots Landing,CBS,19.0
940,1980,29,NBC Monday Night Movie,NBC,18.8
941,1980,30,The Waltons,CBS,18.6
942,1981,1,Dallas,CBS,28.4
943,1981,2,60 Minutes,CBS,27.7
944,1981,3,The Jeffersons,CBS,23.4
945,1981,4,Three's Company,ABC,23.3
946,1981,5,Alice,CBS,22.7
947,1981,6,The Dukes of Hazzard,CBS,22.6
948,1981,Too Close for Comfort,,CBS,22.6
949,1981,8,,CBS,22.5
950,1981,9,M*A*S*H,CBS,22.3
951,1981,10,One Day at a Time,CBS,22.0
952,1981,11,Monday Night Football,ABC,21.8
953,1981,12,Archie Bunker's Place,CBS,21.6
954,1981,13,Falcon Crest,CBS,21.4
955,1981,14,The Love Boat,ABC,21.2
956,1981,15,Hart to Hart,ABC,21.1
957,1981,"Trapper John, M.D.",,ABC,21.1
958,1981,17,"Magnum, P.I.",ABC,20.9
959,1981,18,Happy Days,ABC,20.6
960,1981,19,Dynasty,ABC,20.2
961,1981,20,Laverne & Shirley,ABC,19.9
962,1981,21,Real People,NBC,19.7
963,1981,22,ABC Sunday Night Movie,ABC,19.5
964,1981,23,House Calls,CBS,19.2
965,1981,24,The Facts of Life,NBC,19.1
966,1981,Little House on the Prairie,,NBC,19.1
967,1981,26,The Fall Guy,ABC,19.0
968,1981,27,Hill Street Blues,NBC,18.6
969,1981,28,That's Incredible!,ABC,18.4
970,1981,T.J. Hooker,,ABC,18.4
971,1981,30,Fantasy Island,ABC,18.3
972,1982,1,60 Minutes,CBS,25.5
973,1982,2,Dallas,CBS,24.6
974,1982,3,M*A*S*H,CBS,22.6
975,1982,"Magnum, P.I.",,CBS,22.6
976,1982,5,Dynasty,ABC,22.4
977,1982,6,Three's Company,ABC,21.2
978,1982,7,Simon & Simon,CBS,21.0
979,1982,8,Falcon Crest,CBS,20.7
980,1982,9,The Love Boat,ABC,20.3
981,1982,10,The A-Team,NBC,20.1
982,1982,Monday Night Football,,NBC,20.1
983,1982,12,The Jeffersons,CBS,20.0
984,1982,Newhart,,CBS,20.0
985,1982,14,The Fall Guy,ABC,19.4
986,1982,15,9 to 5,ABC,19.3
987,1982,16,One Day at a Time,CBS,19.1
988,1982,17,Hart to Hart,ABC,18.9
989,1982,18,Gloria,CBS,18.7
990,1982,"Trapper John, M.D.",,CBS,18.7
991,1982,20,Knots Landing,CBS,18.6
992,1982,21,Hill Street Blues,NBC,18.4
993,1982,22,That's Incredible!,ABC,18.3
994,1982,Archie Bunker's Place,,ABC,18.3
995,1982,24,,ABC,18.0
996,1982,25,Laverne & Shirley,ABC,17.8
997,1982,26,ABC Sunday Night Movie,ABC,17.6
998,1982,27,CBS Tuesday Night Movie,CBS,17.5
999,1982,28,Happy Days,ABC,17.4
1000,1982,Little House: A New Beginning,,ABC,17.4
1001,1982,30,Real People,ABC,17.2
1002,1982,The Dukes of Hazzard,,ABC,17.2
1003,1983,1,Dallas,CBS,25.7
1004,1983,2,60 Minutes,CBS,24.2
1005,1983,3,Dynasty,ABC,24.1
1006,1983,4,The A-Team,NBC,24.0
1007,1983,5,Simon & Simon,CBS,23.8
1008,1983,6,"Magnum, P.I.",CBS,22.4
1009,1983,7,Falcon Crest,CBS,22.0
1010,1983,8,Kate & Allie,CBS,21.9
1011,1983,9,Hotel,ABC,21.1
1012,1983,10,Cagney & Lacey,CBS,20.9
1013,1983,11,Knots Landing,CBS,20.8
1014,1983,12,ABC Sunday Night Movie,ABC,20.4
1015,1983,ABC Monday Night Movie,,ABC,20.4
1016,1983,14,TV's Bloopers & Practical Jokes,NBC,20.3
1017,1983,15,AfterMASH,CBS,20.1
1018,1983,16,The Fall Guy,ABC,19.9
1019,1983,17,The Love Boat,ABC,19.0
1020,1983,18,Riptide,NBC,18.8
1021,1983,19,The Jeffersons,CBS,18.6
1022,1983,20,Scarecrow & Mrs. King,CBS,18.3
1023,1983,21,Monday Night Football,ABC,18.1
1024,1983,NBC Monday Night Movie,,ABC,18.1
1025,1983,23,Newhart,CBS,18.0
1026,1983,24,The Facts of Life,NBC,17.3
1027,1983,25,CBS Tuesday Night Movie,CBS,17.2
1028,1983,Webster,,CBS,17.2
1029,1983,Alice,,CBS,17.2
1030,1983,Knight Rider,,CBS,17.2
1031,1983,Hardcastle and McCormick,,CBS,17.2
1032,1983,30,"Trapper John, M.D.",CBS,17.0
1033,1984,1,Dynasty,ABC,25.0
1034,1984,2,Dallas,CBS,24.7
1035,1984,3,The Cosby Show,NBC,24.2
1036,1984,4,60 Minutes,CBS,22.2
1037,1984,5,Family Ties,NBC,22.1
1038,1984,6,The A-Team,NBC,21.9
1039,1984,7,Simon & Simon,CBS,21.8
1040,1984,8,"Murder, She Wrote",CBS,20.1
1041,1984,9,Knots Landing,CBS,20.0
1042,1984,10,Falcon Crest,CBS,19.9
1043,1984,Crazy Like a Fox,,CBS,19.9
1044,1984,12,Hotel,ABC,19.7
1045,1984,Cheers,,ABC,19.7
1046,1984,14,Riptide,ABC,19.2
1047,1984,15,"Magnum, P.I.",CBS,19.1
1048,1984,16,Newhart,CBS,18.4
1049,1984,17,Kate & Allie,CBS,18.3
1050,1984,18,NBC Monday Night Movie,NBC,18.2
1051,1984,19,Highway to Heaven,NBC,17.7
1052,1984,20,Night Court,NBC,17.6
1053,1984,21,ABC Sunday Night Movie,ABC,17.5
1054,1984,22,Scarecrow & Mrs. King,CBS,17.1
1055,1984,TV's Bloopers & Practical Jokes,,CBS,17.1
1056,1984,The Fall Guy,,CBS,17.1
1057,1984,25,Monday Night Football,CBS,17.0
1058,1984,Remington Steele,,CBS,17.0
1059,1984,Webster,,CBS,17.0
1060,1984,28,Cagney & Lacey,CBS,16.9
1061,1984,29,"Trapper John, M.D.",CBS,16.8
1062,1984,30,Hill Street Blues,NBC,16.6
1063,1985,1,The Cosby Show,NBC,33.7
1064,1985,2,Family Ties,NBC,30.0
1065,1985,3,"Murder, She Wrote",CBS,25.3
1066,1985,4,60 Minutes,CBS,23.9
1067,1985,5,Cheers,NBC,23.7
1068,1985,6,Dallas,CBS,21.9
1069,1985,7,Dynasty,ABC,21.8
1070,1985,The Golden Girls,,ABC,21.8
1071,1985,9,Miami Vice,ABC,21.3
1072,1985,10,Who's the Boss?,ABC,21.1
1073,1985,11,Night Court,NBC,20.9
1074,1985,12,CBS Sunday Night Movie,CBS,20.5
1075,1985,13,Highway to Heaven,NBC,20.1
1076,1985,14,Kate & Allie,CBS,20.0
1077,1985,15,Monday Night Football,ABC,19.8
1078,1985,16,Newhart,CBS,19.6
1079,1985,17,Knots Landing,CBS,19.5
1080,1985,Growing Pains,,CBS,19.5
1081,1985,19,You Again?,NBC,19.2
1082,1985,20,227,NBC,18.8
1083,1985,21,NBC Sunday Night Movie,NBC,18.5
1084,1985,22,Hotel,ABC,18.3
1085,1985,NBC Monday Night Movie,,ABC,18.3
1086,1985,24,Moonlighting,ABC,18.1
1087,1985,Falcon Crest,,ABC,18.1
1088,1985,Valerie,,ABC,18.1
1089,1985,27,The Facts of Life,ABC,17.7
1090,1985,28,Scarecrow & Mrs. King,CBS,17.4
1091,1985,29,Simon & Simon,CBS,17.2
1092,1985,30,The A-Team,NBC,16.9
1093,1986,1,The Cosby Show,NBC,34.9
1094,1986,2,Family Ties,NBC,32.7
1095,1986,3,Cheers,NBC,27.2
1096,1986,4,"Murder, She Wrote",CBS,25.4
1097,1986,5,The Golden Girls,NBC,24.5
1098,1986,6,60 Minutes,CBS,23.3
1099,1986,7,Night Court,NBC,23.2
1100,1986,8,Growing Pains,ABC,22.7
1101,1986,9,Moonlighting,ABC,22.4
1102,1986,10,Who's the Boss?,ABC,22.0
1103,1986,11,Dallas,CBS,21.3
1104,1986,12,Newhart,CBS,19.5
1105,1986,13,Amen,NBC,19.4
1106,1986,14,227,NBC,18.9
1107,1986,15,Matlock,NBC,18.6
1108,1986,CBS Sunday Night Movie,,NBC,18.6
1109,1986,NBC Monday Night Movie,,NBC,18.6
1110,1986,18,Monday Night Football,ABC,18.4
1111,1986,19,Kate & Allie,CBS,18.3
1112,1986,20,NBC Sunday Night Movie,NBC,18.2
1113,1986,21,L.A. Law,NBC,17.4
1114,1986,My Sister Sam,,NBC,17.4
1115,1986,23,Falcon Crest,NBC,17.3
1116,1986,24,Highway to Heaven,NBC,17.2
1117,1986,Dynasty,,NBC,17.2
1118,1986,26,Knots Landing,CBS,16.8
1119,1986,Miami Vice,,CBS,16.8
1120,1986,28,ALF,CBS,16.5
1121,1986,Hunter,,CBS,16.5
1122,1986,30,Head of the Class,ABC,16.4
1123,1987,1,The Cosby Show,NBC,27.8
1124,1987,2,A Different World,NBC,25.0
1125,1987,3,Cheers,NBC,23.4
1126,1987,4,The Golden Girls,NBC,21.8
1127,1987,5,Growing Pains,ABC,21.3
1128,1987,6,Who's the Boss?,ABC,21.2
1129,1987,7,Night Court,NBC,20.8
1130,1987,8,60 Minutes,CBS,20.6
1131,1987,9,"Murder, She Wrote",CBS,20.2
1132,1987,10,ALF,NBC,18.8
1133,1987,The Wonder Years,,NBC,18.8
1134,1987,12,Moonlighting,NBC,18.3
1135,1987,L.A. Law,,NBC,18.3
1136,1987,14,Matlock,NBC,17.8
1137,1987,15,Amen,NBC,17.5
1138,1987,16,Monday Night Football,ABC,17.4
1139,1987,17,Family Ties,NBC,17.3
1140,1987,18,CBS Sunday Night Movie,CBS,17.2
1141,1987,19,In the Heat of the Night,NBC,17.0
1142,1987,20,My Two Dads,NBC,16.9
1143,1987,Valerie's Family,,NBC,16.9
1144,1987,22,Dallas,CBS,16.8
1145,1987,23,NBC Sunday Night Movie,NBC,16.7
1146,1987,Head of the Class,,NBC,16.7
1147,1987,25,Newhart,CBS,16.5
1148,1987,26,NBC Monday Night Movie,NBC,16.4
1149,1987,27,227,NBC,16.3
1150,1987,28,Day by Day,NBC,16.2
1151,1987,29,Hunter,NBC,16.1
1152,1987,30,Aaron's Way,NBC,16.0
1153,1988,1,The Cosby Show,NBC,25.6
1154,1988,2,Roseanne,ABC,23.8
1155,1988,3,A Different World,NBC,23.0
1156,1988,4,Cheers,NBC,22.3
1157,1988,5,60 Minutes,CBS,21.7
1158,1988,6,The Golden Girls,NBC,21.4
1159,1988,7,Who's the Boss?,ABC,20.8
1160,1988,8,"Murder, She Wrote",CBS,19.9
1161,1988,9,Empty Nest,NBC,19.2
1162,1988,10,Anything but Love,ABC,19.0
1163,1988,11,Dear John,NBC,18.5
1164,1988,12,Matlock,NBC,17.7
1165,1988,13,L.A. Law,NBC,17.6
1166,1988,Growing Pains,,NBC,17.6
1167,1988,15,ALF,NBC,17.5
1168,1988,Monday Night Football,,NBC,17.5
1169,1988,17,Unsolved Mysteries,NBC,17.4
1170,1988,18,In the Heat of the Night,NBC,17.3
1171,1988,19,Hunter,NBC,17.2
1172,1988,20,Head of the Class,ABC,17.1
1173,1988,21,Night Court,NBC,16.9
1174,1988,22,The Hogan Family,NBC,16.3
1175,1988,NBC Sunday Night Movie,,NBC,16.3
1176,1988,The Wonder Years,,NBC,16.3
1177,1988,25,Amen,NBC,16.2
1178,1988,NBC Monday Night Movie,,NBC,16.2
1179,1988,27,Knots Landing,CBS,16.1
1180,1988,CBS Sunday Movie,,CBS,16.1
1181,1988,29,ABC Mystery Movie,ABC,15.4
1182,1988,Dallas,,ABC,15.4
1183,1989,1,The Cosby Show,NBC,23.1
1184,1989,Roseanne,ABC,NBC,23.1
1185,1989,3,Cheers,NBC,22.7
1186,1989,4,A Different World,NBC,21.1
1187,1989,5,America's Funniest Home Videos,ABC,20.9
1188,1989,6,The Golden Girls,NBC,20.1
1189,1989,7,60 Minutes,CBS,19.7
1190,1989,8,The Wonder Years,ABC,19.2
1191,1989,9,Empty Nest,NBC,18.9
1192,1989,10,Monday Night Football,ABC,18.1
1193,1989,11,Unsolved Mysteries,NBC,18.0
1194,1989,12,Who's the Boss?,ABC,17.9
1195,1989,13,"Murder, She Wrote",CBS,17.7
1196,1989,Chicken Soup,,CBS,17.7
1197,1989,15,Grand,NBC,17.6
1198,1989,16,L.A. Law,NBC,17.4
1199,1989,17,Dear John,NBC,17.2
1200,1989,18,Coach,ABC,17.0
1201,1989,19,In the Heat of the Night,NBC,16.9
1202,1989,20,Matlock,NBC,16.6
1203,1989,21,Growing Pains,ABC,15.4
1204,1989,22,Full House,ABC,15.3
1205,1989,Designing Women,,ABC,15.3
1206,1989,24,CBS Sunday Movie,ABC,14.9
1207,1989,Hunter,,ABC,14.9
1208,1989,26,Head of the Class,ABC,14.8
1209,1989,27,Murphy Brown,CBS,14.7
1210,1989,28,The Simpsons,FOX,14.5
1211,1989,Night Court,,FOX,14.5
1212,1989,"Doogie Howser, M.D.",,FOX,14.5
1213,1990,1,Cheers,NBC,21.3
1214,1990,2,60 Minutes,CBS,20.6
1215,1990,3,Roseanne,ABC,18.1
1216,1990,4,A Different World,NBC,17.5
1217,1990,5,The Cosby Show,NBC,17.1
1218,1990,6,Murphy Brown,CBS,16.9
1219,1990,7,Empty Nest,NBC,16.7
1220,1990,America's Funniest Home Videos,,NBC,16.7
1221,1990,9,Monday Night Football,NBC,16.6
1222,1990,10,The Golden Girls,NBC,16.5
1223,1990,Designing Women,,NBC,16.5
1224,1990,12,"Murder, She Wrote",NBC,16.4
1225,1990,13,America's Funniest People,ABC,16.3
1226,1990,14,Full House,ABC,15.9
1227,1990,15,Family Matters,ABC,15.8
1228,1990,16,Unsolved Mysteries,NBC,15.7
1229,1990,17,Matlock,NBC,15.5
1230,1990,18,Coach,ABC,15.3
1231,1990,19,Who's the Boss?,ABC,15.0
1232,1990,CBS Sunday Movie,,ABC,15.0
1233,1990,21,In the Heat of the Night,NBC,14.9
1234,1990,Major Dad,,NBC,14.9
1235,1990,23,L.A. Law,NBC,14.8
1236,1990,24,"Doogie Howser, M.D.",ABC,14.7
1237,1990,25,Grand,NBC,14.6
1238,1990,26,Head of the Class,ABC,14.5
1239,1990,27,Growing Pains,ABC,14.3
1240,1990,Baby Talk,,ABC,14.3
1241,1990,Davis Rules,,ABC,14.3
1242,1990,30,The Wonder Years,ABC,14.2
1243,1991,1,60 Minutes,CBS,21.9
1244,1991,2,Roseanne,ABC,19.9
1245,1991,3,Murphy Brown,CBS,18.6
1246,1991,4,Cheers,NBC,17.5
1247,1991,Home Improvement,,NBC,17.5
1248,1991,6,Designing Women,CBS,17.3
1249,1991,7,Full House,ABC,17.0
1250,1991,8,"Murder, She Wrote",CBS,16.9
1251,1991,9,Major Dad,CBS,16.8
1252,1991,10,Coach,ABC,16.7
1253,1991,Room for Two,,ABC,16.7
1254,1991,12,Monday Night Football,ABC,16.6
1255,1991,13,Unsolved Mysteries,NBC,16.5
1256,1991,14,CBS Sunday Night Movie,CBS,15.9
1257,1991,15,Evening Shade,CBS,15.6
1258,1991,16,Northern Exposure,CBS,15.5
1259,1991,17,A Different World,NBC,15.2
1260,1991,18,The Cosby Show,NBC,15.0
1261,1991,19,Wings,NBC,14.6
1262,1991,20,America's Funniest Home Videos,ABC,14.5
1263,1991,21,20/20,ABC,14.4
1264,1991,22,The Fresh Prince of Bel-Air,NBC,14.3
1265,1991,Empty Nest,,NBC,14.3
1266,1991,24,NBC Monday Movie,NBC,13.9
1267,1991,25,America's Funniest People,ABC,13.8
1268,1991,ABC Monday Movie,,ABC,13.8
1269,1991,27,Family Matters,ABC,13.5
1270,1991,28,L.A. Law,NBC,13.3
1271,1991,29,48 Hours,CBS,13.2
1272,1991,30,In the Heat of the Night,NBC,13.1
1273,1991,The Golden Girls,,NBC,13.1
1274,1992,1,60 Minutes,CBS,21.9
1275,1992,2,Roseanne,ABC,20.7
1276,1992,3,Home Improvement,ABC,19.4
1277,1992,4,Murphy Brown,CBS,17.9
1278,1992,5,Murder She Wrote,CBS,17.7
1279,1992,6,Coach,ABC,17.5
1280,1992,7,Monday Night Football,ABC,16.7
1281,1992,8,CBS Sunday Movie,CBS,16.1
1282,1992,Cheers,NBC,CBS,16.1
1283,1992,10,Full House,ABC,15.8
1284,1992,11,Northern Exposure,CBS,15.2
1285,1992,12,20/20,ABC,15.1
1286,1992,Rescue 911,,ABC,15.1
1287,1992,14,CBS Tuesday Movie,ABC,14.8
1288,1992,15,Love & War,ABC,14.7
1289,1992,16,The Fresh Prince of Bel-Air,NBC,14.6
1290,1992,Hangin' with Mr. Cooper,,NBC,14.6
1291,1992,The Jackie Thomas Show,,NBC,14.6
1292,1992,19,Evening Shade,CBS,14.5
1293,1992,20,Hearts Afire,CBS,14.3
1294,1992,21,Unsolved Mysteries,NBC,14.2
1295,1992,22,Primetime Live,ABC,14.1
1296,1992,23,"Dr. Quinn, Medicine Woman",CBS,14.0
1297,1992,24,NBC Monday Movie,NBC,13.9
1298,1992,25,Seinfeld,NBC,13.7
1299,1992,26,48 Hours,CBS,13.5
1300,1992,Blossom,,CBS,13.5
1301,1992,28,ABC Sunday Night Movie,ABC,13.3
1302,1992,Matlock,,ABC,13.3
1303,1992,30,Wings,NBC,13.0
1304,1992,The Simpsons,FOX,NBC,13.0
1305,1993,1,60 Minutes,CBS,20.9
1306,1993,2,Home Improvement,ABC,20.4
1307,1993,3,Seinfeld,NBC,19.4
1308,1993,4,Roseanne,ABC,19.1
1309,1993,5,Grace Under Fire,ABC,17.7
1310,1993,6,Coach,ABC,17.4
1311,1993,7,Frasier,NBC,16.8
1312,1993,8,Monday Night Football,ABC,16.5
1313,1993,9,Murphy Brown,CBS,16.3
1314,1993,10,CBS Sunday Movie,CBS,16.2
1315,1993,11,"Murder, She Wrote",CBS,16.0
1316,1993,12,Thunder Alley,ABC,15.9
1317,1993,13,Love & War,CBS,14.5
1318,1993,14,Northern Exposure,CBS,14.4
1319,1993,15,20/20,ABC,14.3
1320,1993,16,Full House,ABC,14.2
1321,1993,17,Primetime Live,ABC,14.0
1322,1993,18,NYPD Blue,ABC,13.9
1323,1993,Wings,,ABC,13.9
1324,1993,20,Turning Point,ABC,13.8
1325,1993,21,Dave's World,CBS,13.7
1326,1993,The Fresh Prince of Bel-Air,,CBS,13.7
1327,1993,23,NBC Monday Movie,CBS,13.6
1328,1993,24,Homicide: Life on the Street,CBS,13.5
1329,1993,25,CBS Tuesday Movie,CBS,13.3
1330,1993,"Dr. Quinn, Medicine Woman",,CBS,13.3
1331,1993,27,Phenom,ABC,13.2
1332,1993,Evening Shade,,ABC,13.2
1333,1993,Rescue 911,,ABC,13.2
1334,1993,30,ABC Sunday Night Movie,ABC,12.6
1335,1993,Family Matters,,ABC,12.6
1336,1994,1,Seinfeld,NBC,20.6
1337,1994,2,ER,NBC,20.0
1338,1994,3,Home Improvement,ABC,19.5
1339,1994,4,Grace Under Fire,ABC,18.6
1340,1994,5,Monday Night Football,ABC,17.7
1341,1994,6,60 Minutes,CBS,17.2
1342,1994,7,NYPD Blue,ABC,16.5
1343,1994,8,"Murder, She Wrote",CBS,15.6
1344,1994,Friends,,CBS,15.6
1345,1994,10,Roseanne,ABC,15.5
1346,1994,11,Mad About You,NBC,15.2
1347,1994,12,Madman of the People,NBC,14.9
1348,1994,13,Ellen,ABC,14.8
1349,1994,14,Hope and Gloria,NBC,14.6
1350,1994,15,Frasier,NBC,14.5
1351,1994,16,Murphy Brown,CBS,14.1
1352,1994,17,20/20,ABC,14.0
1353,1994,18,CBS Sunday Movie,CBS,13.7
1354,1994,19,NBC Monday Movie,NBC,13.6
1355,1994,20,Me and the Boys,ABC,13.1
1356,1994,21,Dave's World,CBS,12.9
1357,1994,22,Cybill,CBS,12.8
1358,1994,23,ABC Sunday Movie,ABC,12.7
1359,1994,24,The Nanny,CBS,12.5
1360,1994,25,Full House,ABC,12.4
1361,1994,26,Wings,NBC,12.3
1362,1994,27,Law & Order,NBC,12.2
1363,1994,28,NBC Sunday Night Movie,NBC,12.0
1364,1994,29,Chicago Hope,CBS,11.7
1365,1994,ABC Monday Night Movie,,CBS,11.7
1366,1994,The Martin Short Show,,CBS,11.7
1367,1994,Primetime Live,,CBS,11.7
1368,1995,1,ER,NBC,22.0
1369,1995,2,Seinfeld,NBC,21.2
1370,1995,3,Friends,NBC,18.7
1371,1995,4,Caroline in the City,NBC,18.0
1372,1995,5,Monday Night Football,ABC,17.1
1373,1995,6,The Single Guy,NBC,16.7
1374,1995,7,Home Improvement,ABC,16.1
1375,1995,8,Boston Common,NBC,15.6
1376,1995,9,60 Minutes,CBS,14.2
1377,1995,10,NYPD Blue,ABC,14.1
1378,1995,11,20/20,ABC,13.6
1379,1995,Frasier,,ABC,13.6
1380,1995,13,Grace Under Fire,ABC,13.2
1381,1995,14,NBC Monday Movie,NBC,12.9
1382,1995,Coach,,NBC,12.9
1383,1995,16,The Nanny,CBS,12.5
1384,1995,Roseanne,,CBS,12.5
1385,1995,18,"Walker, Texas Ranger",CBS,12.3
1386,1995,Primetime Live,,CBS,12.3
1387,1995,Murphy Brown,,CBS,12.3
1388,1995,21,NBC Sunday Movie,NBC,12.2
1389,1995,22,3rd Rock from the Sun,NBC,12.1
1390,1995,23,Chicago Hope,CBS,11.9
1391,1995,24,Law & Order,NBC,11.4
1392,1995,CBS Sunday Movie,,NBC,11.4
1393,1995,The Naked Truth,,NBC,11.4
1394,1995,Can't Hurry Love,,NBC,11.4
1395,1995,28,Dateline NBC,NBC,11.3
1396,1995,Dateline NBC — Wednesday,,NBC,11.3
1397,1995,30,The Dana Carvey Show,ABC,11.2
1398,1996,1,ER,NBC,21.2
1399,1996,2,Seinfeld,NBC,20.5
1400,1996,3,Suddenly Susan,NBC,17.0
1401,1996,4,Friends,NBC,16.8
1402,1996,The Naked Truth,,NBC,16.8
1403,1996,6,Fired Up,NBC,16.5
1404,1996,7,Monday Night Football,ABC,16.0
1405,1996,8,The Single Guy,NBC,14.1
1406,1996,9,Home Improvement,ABC,14.0
1407,1996,10,Touched by an Angel,CBS,13.6
1408,1996,11,60 Minutes,CBS,13.3
1409,1996,12,20/20,ABC,12.8
1410,1996,13,NYPD Blue,ABC,12.5
1411,1996,14,CBS Sunday Movie,CBS,12.1
1412,1996,15,Primetime Live,ABC,11.9
1413,1996,16,Frasier,NBC,11.8
1414,1996,17,Spin City,ABC,11.7
1415,1996,18,NBC Sunday Movie,NBC,11.5
1416,1996,The Drew Carey Show,,NBC,11.5
1417,1996,20,Dateline NBC,NBC,11.4
1418,1996,21,Cosby,CBS,11.2
1419,1996,The X-Files,FOX,CBS,11.2
1420,1996,23,"Walker, Texas Ranger",CBS,11.0
1421,1996,Mad About You,,CBS,11.0
1422,1996,Caroline in the City,,CBS,11.0
1423,1996,NBC Monday Movie,,CBS,11.0
1424,1996,27,Law & Order,CBS,10.8
1425,1996,3rd Rock from the Sun,,CBS,10.8
1426,1996,29,Ellen,ABC,10.6
1427,1996,30,Chicago Hope,CBS,10.5
1428,1996,Dateline NBC — Friday,,CBS,10.5
1429,1996,Cybill,,CBS,10.5
1430,1997,1,Seinfeld,NBC,21.7
1431,1997,2,ER,NBC,20.4
1432,1997,3,Veronica's Closet,NBC,16.6
1433,1997,4,Friends,NBC,16.1
1434,1997,5,Monday Night Football,ABC,15.0
1435,1997,6,Touched by an Angel,CBS,14.2
1436,1997,7,60 Minutes,CBS,13.8
1437,1997,8,Union Square,NBC,13.6
1438,1997,9,CBS Sunday Movie,CBS,13.1
1439,1997,10,Home Improvement,ABC,12.0
1440,1997,Frasier,,ABC,12.0
1441,1997,12,Just Shoot Me!,ABC,11.9
1442,1997,13,Dateline NBC,ABC,11.5
1443,1997,14,,ABC,11.4
1444,1997,15,The Drew Carey Show,ABC,11.1
1445,1997,16,20/20,ABC,10.9
1446,1997,17,Primetime Live,ABC,10.8
1447,1997,NYPD Blue,,ABC,10.8
1448,1997,19,The X-Files,FOX,10.6
1449,1997,20,Law & Order,NBC,10.2
1450,1997,21,,ABC,10.0
1451,1997,22,Diagnosis: Murder,CBS,9.8
1452,1997,23,Mad About You,NBC,9.7
1453,1997,King of the Hill,,NBC,9.7
1454,1997,25,Cosby,CBS,9.5
1455,1997,Dharma & Greg,,CBS,9.5
1456,1997,27,NBC Sunday Night Movie,NBC,9.4
1457,1997,28,"Walker, Texas Ranger",CBS,9.3
1458,1997,Hiller and Diller,,CBS,9.3
1459,1997,30,The Simpsons,FOX,9.2
1460,1997,Everybody Loves Raymond,,FOX,9.2
1461,1998,1,ER,NBC,17.8
1462,1998,2,Friends,NBC,15.7
1463,1998,3,Frasier,NBC,15.6
1464,1998,4,Monday Night Football,ABC,14.9
1465,1998,5,Veronica's Closet,NBC,13.7
1466,1998,Jesse,,NBC,13.7
1467,1998,7,60 Minutes,CBS,13.2
1468,1998,8,Touched by an Angel,CBS,13.1
1469,1998,9,CBS Sunday Movie,CBS,12.0
1470,1998,10,Home Improvement,ABC,11.0
1471,1998,11,Everybody Loves Raymond,CBS,10.6
1472,1998,12,NYPD Blue,ABC,10.5
1473,1998,13,Law & Order,NBC,10.1
1474,1998,14,The Drew Carey Show,ABC,9.9
1475,1998,20/20 — Friday,,ABC,9.9
1476,1998,16,Providence,NBC,9.8
1477,1998,20/20 — Wednesday,,NBC,9.8
1478,1998,JAG,,NBC,9.8
1479,1998,19,Dateline NBC,NBC,9.7
1480,1998,Dateline NBC — Monday,,NBC,9.7
1481,1998,Becker,,NBC,9.7
1482,1998,CBS Tuesday Movie,,NBC,9.7
1483,1998,23,Ally McBeal,FOX,9.6
1484,1998,24,Dharma & Greg,ABC,9.3
1485,1998,25,Spin City,ABC,9.2
1486,1998,"Walker, Texas Ranger",,ABC,9.2
1487,1998,Dateline NBC — Friday,,ABC,9.2
1488,1998,28,The X-Files,FOX,9.1
1489,1998,NBC Sunday Night Movie,,FOX,9.1
1490,1998,30,60 Minutes II,CBS,9.0
1491,1998,Diagnosis: Murder,,CBS,9.0
1492,1999,1,Who Wants to Be a Millionaire,ABC,18.6
1493,1999,2,,ABC,17.5
1494,1999,3,,ABC,17.1
1495,1999,4,ER,NBC,16.9
1496,1999,5,Friends,NBC,14.0
1497,1999,6,Frasier,NBC,13.6
1498,1999,7,Monday Night Football,ABC,13.5
1499,1999,8,60 Minutes,CBS,12.0
1500,1999,9,The Practice,ABC,11.8
1501,1999,10,Touched by an Angel,CBS,11.6
1502,1999,11,Law & Order,NBC,11.5
1503,1999,12,Everybody Loves Raymond,CBS,11.4
1504,1999,13,Jesse,NBC,11.3
1505,1999,14,CBS Sunday Movie,CBS,10.9
1506,1999,15,Stark Raving Mad,NBC,10.7
1507,1999,NYPD Blue,,NBC,10.7
1508,1999,17,Dharma & Greg,NBC,10.5
1509,1999,18,Becker,CBS,10.4
1510,1999,19,Judging Amy,CBS,10.2
1511,1999,20,JAG,CBS,9.7
1512,1999,21,The Drew Carey Show,ABC,9.5
1513,1999,22,Providence,NBC,9.4
1514,1999,23,60 Minutes II,CBS,9.3
1515,1999,24,The West Wing,NBC,9.1
1516,1999,ABC Monday Movie,,NBC,9.1
1517,1999,Spin City,,NBC,9.1
1518,1999,27,Family Law,CBS,9.0
1519,1999,28,Dateline NBC,NBC,8.9
1520,1999,Malcolm in the Middle,FOX,NBC,8.9
1521,1999,30,Law & Order: Special Victims Unit,NBC,8.8
1522,1999,CBS Wednesday Movie,,NBC,8.8
1523,2000,1,Survivor,CBS,17.4
1524,2000,2,ER,NBC,15.0
1525,2000,3,Who Wants to Be a Millionaire,ABC,13.7
1526,2000,4,,ABC,13.0
1527,2000,5,Friends,NBC,12.6
1528,2000,Monday Night Football,,NBC,12.6
1529,2000,Everybody Loves Raymond,,NBC,12.6
1530,2000,8,,ABC,12.4
1531,2000,9,Law & Order,NBC,12.3
1532,2000,10,The Practice,ABC,11.7
1533,2000,11,,ABC,11.6
1534,2000,CSI: Crime Scene Investigation,,ABC,11.6
1535,2000,The West Wing,,ABC,11.6
1536,2000,14,Will & Grace,ABC,11.3
1537,2000,15,60 Minutes,CBS,11.1
1538,2000,16,Becker,CBS,10.9
1539,2000,17,Temptation Island,FOX,10.7
1540,2000,Frasier,,FOX,10.7
1541,2000,19,,ABC,10.5
1542,2000,20,Just Shoot Me!,NBC,10.4
1543,2000,21,Judging Amy,CBS,9.9
1544,2000,22,Cursed/The Weber Show,NBC,9.7
1545,2000,NYPD Blue,,NBC,9.7
1546,2000,Touched by an Angel,,NBC,9.7
1547,2000,25,Law & Order: Special Victims Unit,NBC,9.6
1548,2000,26,JAG,CBS,9.2
1549,2000,27,The King of Queens,CBS,8.9
1550,2000,28,"Yes, Dear",CBS,8.7
1551,2000,29,Family Law,CBS,8.6
1552,2000,The District,,CBS,8.6
1553,2000,CBS Sunday Movie,,CBS,8.6
1554,2001,1,Friends,NBC,15.0
1555,2001,2,CSI: Crime Scene Investigation,CBS,14.5
1556,2001,3,ER,NBC,14.2
1557,2001,4,Everybody Loves Raymond,CBS,12.8
1558,2001,5,Law & Order,NBC,12.6
1559,2001,6,Survivor,CBS,11.8
1560,2001,7,Monday Night Football,ABC,11.5
1561,2001,8,The West Wing,NBC,11.4
1562,2001,9,Will & Grace,NBC,11.0
1563,2001,Leap of Faith,,NBC,11.0
1564,2001,11,Becker,CBS,10.7
1565,2001,12,Law & Order: Special Victims Unit,NBC,10.4
1566,2001,13,60 Minutes,CBS,10.1
1567,2001,14,Frasier,NBC,9.9
1568,2001,JAG,,NBC,9.9
1569,2001,16,Inside Schwartz,NBC,9.8
1570,2001,Judging Amy,,NBC,9.8
1571,2001,18,Just Shoot Me!,NBC,9.3
1572,2001,19,The King of Queens,CBS,8.9
1573,2001,20,"Yes, Dear",CBS,8.8
1574,2001,Crossing Jordan,,CBS,8.8
1575,2001,22,The Guardian,CBS,8.4
1576,2001,23,The Practice,ABC,8.3
1577,2001,NYPD Blue,,ABC,8.3
1578,2001,25,Baby Bob,CBS,8.1
1579,2001,Dateline NBC — Friday,,CBS,8.1
1580,2001,27,Fear Factor,CBS,7.9
1581,2001,Law & Order: Criminal Intent,,CBS,7.9
1582,2001,Providence,,CBS,7.9
1583,2001,30,60 Minutes II,CBS,7.7
1584,2001,Family Law,,CBS,7.7
1585,2002,1,CSI: Crime Scene Investigation,CBS,16.3
1586,2002,2,Friends,NBC,13.9
1587,2002,3,Joe Millionaire,FOX,13.3
1588,2002,4,ER,NBC,13.1
1589,2002,5,American Idol,FOX,12.6
1590,2002,6,,FOX,12.5
1591,2002,7,Survivor,CBS,11.9
1592,2002,Everybody Loves Raymond,,CBS,11.9
1593,2002,9,Law & Order,NBC,11.7
1594,2002,10,Monday Night Football,ABC,11.4
1595,2002,11,CSI: Miami,CBS,11.0
1596,2002,Will & Grace,,CBS,11.0
1597,2002,13,Scrubs,CBS,10.3
1598,2002,14,Law & Order: Special Victims Unit,CBS,10.1
1599,2002,15,Without a Trace,CBS,10.0
1600,2002,16,The BachelorThe Bachelorette,ABC,9.9
1601,2002,17,60 Minutes,CBS,9.6
1602,2002,18,Judging Amy,CBS,9.5
1603,2002,19,Law & Order: Criminal Intent,NBC,9.4
1604,2002,Still Standing,,NBC,9.4
1605,2002,21,The West Wing,NBC,9.0
1606,2002,22,JAG,CBS,8.9
1607,2002,23,"Good Morning, Miami",NBC,8.7
1608,2002,24,"Yes, Dear",CBS,8.6
1609,2002,25,The King of Queens,CBS,8.5
1610,2002,26,Frasier,NBC,8.4
1611,2002,27,The Guardian,CBS,8.3
1612,2002,28,My Big Fat Greek Life,CBS,8.0
1613,2002,29,NYPD Blue,ABC,7.8
1614,2002,30,Fear Factor,NBC,7.7
1615,2003,1,CSI: Crime Scene Investigation,CBS,15.9
1616,2003,2,American Idol,FOX,14.9
1617,2003,3,,FOX,14.1
1618,2003,4,Friends,NBC,13.6
1619,2003,5,The Apprentice,NBC,13.0
1620,2003,6,ER,NBC,12.9
1621,2003,7,Survivor,CBS,12.3
1622,2003,8,CSI: Miami,CBS,11.9
1623,2003,9,Monday Night Football,ABC,11.2
1624,2003,Everybody Loves Raymond,,ABC,11.2
1625,2003,11,Without a Trace,ABC,11.1
1626,2003,12,Law & Order,NBC,10.8
1627,2003,13,Will & Grace,NBC,10.4
1628,2003,14,My Big Fat Obnoxious Fiance,FOX,9.9
1629,2003,Two and a Half Men,,FOX,9.9
1630,2003,16,60 Minutes,FOX,9.4
1631,2003,17,Cold Case,FOX,9.3
1632,2003,18,Law & Order: Special Victims Unit,NBC,8.7
1633,2003,19,Crossing Jordan,NBC,8.6
1634,2003,Law & Order: Criminal Intent,,NBC,8.6
1635,2003,21,The BachelorThe Bachelorette,ABC,8.3
1636,2003,22,Fear Factor,NBC,7.9
1637,2003,23,The West Wing,NBC,7.8
1638,2003,CBS Sunday Movie,,NBC,7.8
1639,2003,Navy: NCIS,,NBC,7.8
1640,2003,26,Judging Amy,NBC,7.7
1641,2003,Still Standing,,NBC,7.7
1642,2003,28,Las Vegas,NBC,7.6
1643,2003,29,Average Joe,NBC,7.4
1644,2003,30,Frasier,NBC,7.3
1645,2003,The King of Queens,,NBC,7.3
1646,2004,1,CSI: Crime Scene Investigation,CBS,16.5
1647,2004,2,American Idol,FOX,15.7
1648,2004,3,,FOX,15.3
1649,2004,4,Desperate Housewives,ABC,14.5
1650,2004,5,CSI: Miami,CBS,12.4
1651,2004,6,Without a Trace,CBS,12.3
1652,2004,7,Survivor,CBS,12.0
1653,2004,8,Grey's Anatomy,ABC,11.6
1654,2004,9,Everybody Loves Raymond,CBS,11.2
1655,2004,10,Monday Night Football,ABC,10.8
1656,2004,11,Two and a Half Men,CBS,10.6
1657,2004,12,ER,NBC,10.4
1658,2004,13,Lost,ABC,9.8
1659,2004,14,Cold Case,CBS,9.7
1660,2004,The Apprentice,,CBS,9.7
1661,2004,16,Law & Order: Special Victims Unit,CBS,9.2
1662,2004,60 Minutes,,CBS,9.2
1663,2004,18,Extreme Makeover: Home Edition,ABC,9.1
1664,2004,Medium,,ABC,9.1
1665,2004,20,Law & Order,ABC,8.9
1666,2004,CSI: NY,,ABC,8.9
1667,2004,22,NCIS,ABC,8.8
1668,2004,23,House,FOX,8.3
1669,2004,24,Boston Legal,ABC,8.1
1670,2004,25,Law & Order: Criminal Intent,NBC,7.9
1671,2004,26,Crossing Jordan,NBC,7.7
1672,2004,27,CBS Sunday Movie,CBS,7.6
1673,2004,The Amazing Race,,CBS,7.6
1674,2004,29,Judging Amy,CBS,7.4
1675,2004,The West Wing,,CBS,7.4
1676,2005,1,American Idol,FOX,17.6
1677,2005,2,,FOX,17.2
1678,2005,3,CSI: Crime Scene Investigation,CBS,15.6
1679,2005,4,Desperate Housewives,ABC,13.8
1680,2005,5,Grey's Anatomy,ABC,12.5
1681,2005,6,Without a Trace,CBS,12.3
1682,2005,7,Dancing with the Stars,ABC,12.0
1683,2005,8,CSI: Miami,CBS,11.8
1684,2005,9,Monday Night Football,ABC,10.6
1685,2005,House,,ABC,10.6
1686,2005,11,Survivor,CBS,10.3
1687,2005,12,NCIS,CBS,9.8
1688,2005,13,Two and a Half Men,CBS,9.7
1689,2005,The Unit,,CBS,9.7
1690,2005,15,,ABC,9.6
1691,2005,Deal or No Deal — Monday,NBC,ABC,9.6
1692,2005,17,Cold Case,CBS,9.3
1693,2005,18,Lost,ABC,9.2
1694,2005,CSI: NY,,ABC,9.2
1695,2005,Law & Order: Special Victims Unit,,ABC,9.2
1696,2005,21,60 Minutes,CBS,9.0
1697,2005,Deal or No Deal — Wednesday,,CBS,9.0
1698,2005,23,Extreme Makeover: Home Edition,ABC,8.6
1699,2005,24,Commander in Chief,ABC,8.4
1700,2005,25,The New Adventures of Old Christine,CBS,8.3
1701,2005,Unan1mous,,CBS,8.3
1702,2005,27,Criminal Minds,CBS,8.2
1703,2005,28,24,FOX,8.1
1704,2005,ER,,FOX,8.1
1705,2005,30,Out of Practice,CBS,7.8
1706,2006,1,American Idol,FOX,17.3
1707,2006,2,,FOX,16.8
1708,2006,3,Dancing with the Stars,ABC,12.7
1709,2006,Dancing with the Stars — Tuesday,,ABC,12.7
1710,2006,Dancing with the Stars — Wednesday,,ABC,12.7
1711,2006,6,CSI: Crime Scene Investigation,CBS,12.2
1712,2006,7,Grey's Anatomy,ABC,12.1
1713,2006,8,House,FOX,11.1
1714,2006,9,Desperate Housewives,ABC,10.8
1715,2006,10,CSI: Miami,CBS,10.7
1716,2006,11,Sunday Night Football,NBC,10.5
1717,2006,12,Without a Trace,CBS,9.4
1718,2006,13,Deal or No Deal,NBC,9.2
1719,2006,14,Two and a Half Men,CBS,9.1
1720,2006,15,NCIS,CBS,9.0
1721,2006,16,CSI: NY,CBS,8.9
1722,2006,Cold Case,,CBS,8.9
1723,2006,18,Criminal Minds,CBS,8.8
1724,2006,Survivor,,CBS,8.8
1725,2006,20,60 Minutes,CBS,8.7
1726,2006,Shark,,CBS,8.7
1727,2006,22,Lost,ABC,8.3
1728,2006,23,Heroes,NBC,8.0
1729,2006,24,Law & Order: Special Victims Unit,NBC,7.9
1730,2006,25,Rules of Engagement,CBS,7.8
1731,2006,26,Extreme Makeover: Home Edition,ABC,7.7
1732,2006,27,Ugly Betty,ABC,7.4
1733,2006,ER,,ABC,7.4
1734,2006,24,,ABC,7.4
1735,2006,30,Brothers & Sisters,ABC,7.3
1736,2006,The King of Queens,,ABC,7.3
1737,2006,Are You Smarter than a 5th Grader?,,ABC,7.3
1738,2007,1,American Idol,FOX,16.1
1739,2007,2,,FOX,15.9
1740,2007,3,Dancing with the Stars,ABC,14.0
1741,2007,4,,ABC,12.6
1742,2007,5,,ABC,12.3
1743,2007,6,Desperate Housewives,ABC,11.6
1744,2007,7,CSI: Crime Scene Investigation,CBS,10.6
1745,2007,8,House,FOX,10.5
1746,2007,9,Grey's Anatomy,ABC,10.4
1747,2007,10,Sunday Night Football,NBC,9.7
1748,2007,11,CSI: Miami,CBS,9.2
1749,2007,NCIS,,CBS,9.2
1750,2007,13,Without a Trace,CBS,8.8
1751,2007,The Moment of Truth,,CBS,8.8
1752,2007,15,Two and a Half Men,CBS,8.5
1753,2007,Survivor,,CBS,8.5
1754,2007,17,60 Minutes,CBS,8.4
1755,2007,18,Criminal Minds,CBS,8.2
1756,2007,19,Samantha Who?,ABC,8.0
1757,2007,20,Lost,ABC,7.9
1758,2007,21,Extreme Makeover: Home Edition,ABC,7.8
1759,2007,22,Brothers & Sisters,ABC,7.6
1760,2007,CSI: NY,,ABC,7.6
1761,2007,Heroes,,ABC,7.6
1762,2007,Law & Order: Special Victims Unit,,ABC,7.6
1763,2007,26,Private Practice,ABC,7.3
1764,2007,27,Law & Order,NBC,7.2
1765,2007,28,Cold Case,CBS,7.1
1766,2007,Deal or No Deal — Monday,,CBS,7.1
1767,2007,30,Shark,CBS,7.0
1768,2007,The Unit,,CBS,7.0
1769,2007,Hell's Kitchen,,CBS,7.0
1770,2008,1,American Idol,FOX,15.1
1771,2008,2,,FOX,14.6
1772,2008,3,Dancing with the Stars,ABC,12.9
1773,2008,4,CSI: Crime Scene Investigation,CBS,11.5
1774,2008,5,NCIS,CBS,10.9
1775,2008,6,The Mentalist,CBS,10.8
1776,2008,7,,ABC,10.7
1777,2008,8,Sunday Night Football,NBC,10.0
1778,2008,9,Desperate Housewives,ABC,9.9
1779,2008,10,Grey's Anatomy,ABC,9.6
1780,2008,11,Criminal Minds,CBS,9.4
1781,2008,12,Two and a Half Men,CBS,9.1
1782,2008,CSI: Miami,,CBS,9.1
1783,2008,14,60 Minutes,CBS,8.9
1784,2008,15,CSI: NY,CBS,8.6
1785,2008,16,Without a Trace,CBS,8.4
1786,2008,17,House,FOX,8.1
1787,2008,18,Survivor,CBS,7.8
1788,2008,Eleventh Hour,,CBS,7.8
1789,2008,20,Cold Case,CBS,7.5
1790,2008,The Bachelor,,CBS,7.5
1791,2008,22,24,FOX,7.3
1792,2008,23,Brothers & Sisters,ABC,7.2
1793,2008,24,Rules of Engagement,CBS,7.1
1794,2008,25,Castle,ABC,6.9
1795,2008,26,Law & Order: Special Victims Unit,NBC,6.7
1796,2008,ER,,NBC,6.7
1797,2008,Bones,,NBC,6.7
1798,2008,29,Ghost Whisperer,CBS,6.6
1799,2008,Lost,,CBS,6.6
1800,2008,NUMB3RS,,CBS,6.6
1801,2009,1,American Idol,FOX,13.7
1802,2009,2,,FOX,13.3
1803,2009,3,Dancing with the Stars,ABC,12.6
1804,2009,4,NCIS,CBS,11.5
1805,2009,5,Sunday Night Football,NBC,11.3
1806,2009,6,The Mentalist,CBS,10.6
1807,2009,7,,ABC,9.9
1808,2009,8,NCIS: Los Angeles,CBS,9.8
1809,2009,Undercover Boss,,CBS,9.8
1810,2009,10,CSI: Crime Scene Investigation,CBS,9.7
1811,2009,11,Grey's Anatomy,ABC,9.0
1812,2009,12,Two and a Half Men,CBS,8.9
1813,2009,13,Desperate Housewives,ABC,8.8
1814,2009,14,The Big Bang Theory,CBS,8.5
1815,2009,Criminal Minds,,CBS,8.5
1816,2009,The Good Wife,,CBS,8.5
1817,2009,17,60 Minutes,CBS,8.4
1818,2009,18,CSI: Miami,CBS,8.1
1819,2009,19,CSI: NY,CBS,7.9
1820,2009,Survivor,,CBS,7.9
1821,2009,21,The Bachelor,ABC,7.8
1822,2009,22,House,FOX,7.5
1823,2009,23,Brothers & Sisters,ABC,7.0
1824,2009,24,Castle,ABC,6.9
1825,2009,Lost,,ABC,6.9
1826,2009,26,The Amazing Race,CBS,6.6
1827,2009,27,Bones,FOX,6.5
1828,2009,28,24,FOX,6.4
1829,2009,29,Cold Case,CBS,6.3
1830,2009,Private Practice,,CBS,6.3
1831,2010,1,American Idol,FOX,14.5
1832,2010,2,Dancing with the Stars,ABC,13.8
1833,2010,3,,FOX,13.4
1834,2010,4,Sunday Night Football,NBC,12.7
1835,2010,5,NCIS,CBS,11.8
1836,2010,Dancing with the Stars — Results,,CBS,11.8
1837,2010,7,NCIS: Los Angeles,CBS,10.1
1838,2010,8,The Mentalist,CBS,9.6
1839,2010,9,Body of Proof,ABC,9.0
1840,2010,10,Criminal Minds,CBS,8.7
1841,2010,11,The Good Wife,CBS,8.5
1842,2010,12,60 Minutes,CBS,8.4
1843,2010,CSI: Crime Scene Investigation,,CBS,8.4
1844,2010,14,The Big Bang Theory,CBS,8.0
1845,2010,Blue Bloods,,CBS,8.0
1846,2010,16,Two and a Half Men,CBS,7.7
1847,2010,17,The Voice,NBC,7.5
1848,2010,Hawaii Five-0,,NBC,7.5
1849,2010,Desperate Housewives,,NBC,7.5
1850,2010,Grey's Anatomy,,NBC,7.5
1851,2010,21,Survivor,CBS,7.4
1852,2010,22,Harry's Law,NBC,7.3
1853,2010,CSI: Miami,,NBC,7.3
1854,2010,Castle,,NBC,7.3
1855,2010,25,Undercover Boss,CBS,7.1
1856,2010,Modern Family,,CBS,7.1
1857,2010,27,The Bachelor,CBS,7.0
1858,2010,Bones,,CBS,7.0
1859,2010,29,Criminal Minds: Suspect Behavior,CBS,6.9
1860,2010,Mike & Molly,,CBS,6.9
1861,2011,1,Sunday Night Football,NBC,12.4
1862,2011,2,NCIS,CBS,12.3
1863,2011,3,Dancing with the Stars,ABC,12.0
1864,2011,4,American Idol,FOX,11.8
1865,2011,5,,FOX,11.0
1866,2011,6,,ABC,10.6
1867,2011,7,NCIS: Los Angeles,CBS,10.2
1868,2011,8,The Big Bang Theory,CBS,9.7
1869,2011,9,The Mentalist,CBS,9.3
1870,2011,10,The Voice,NBC,9.2
1871,2011,11,Two and a Half Men,CBS,9.1
1872,2011,12,Person of Interest,CBS,9.0
1873,2011,13,Criminal Minds,CBS,8.6
1874,2011,14,60 Minutes,CBS,8.3
1875,2011,15,Modern Family,ABC,8.1
1876,2011,16,CSI: Crime Scene Investigation,CBS,8.0
1877,2011,Castle,,CBS,8.0
1878,2011,18,Unforgettable,CBS,7.9
1879,2011,19,Blue Bloods,CBS,7.8
1880,2011,The Good Wife,,CBS,7.8
1881,2011,21,Hawaii Five-0,CBS,7.6
1882,2011,Grey's Anatomy,,CBS,7.6
1883,2011,23,The X Factor,FOX,7.4
1884,2011,The X Factor — Wednesday,,FOX,7.4
1885,2011,25,Mike & Molly,CBS,7.2
1886,2011,Rob,,CBS,7.2
1887,2011,27,CSI: Miami,CBS,7.1
1888,2011,28,2 Broke Girls,CBS,7.0
1889,2011,Desperate Housewives,,CBS,7.0
1890,2011,Once Upon a Time,,CBS,7.0
1891,2012,1,NCIS,CBS,13.5
1892,2012,2,Sunday Night Football,NBC,12.4
1893,2012,3,The Big Bang Theory,CBS,11.6
1894,2012,4,NCIS: Los Angeles,CBS,11.0
1895,2012,5,Person of Interest,CBS,10.0
1896,2012,6,Dancing with the Stars,ABC,9.9
1897,2012,7,American Idol,FOX,9.2
1898,2012,Dancing with the Stars — Results,,FOX,9.2
1899,2012,9,,FOX,8.9
1900,2012,10,Two and a Half Men,CBS,8.7
1901,2012,The Voice,,CBS,8.7
1902,2012,12,Blue Bloods,CBS,8.5
1903,2012,13,,NBC,8.4
1904,2012,14,Elementary,CBS,8.3
1905,2012,15,Castle,ABC,8.1
1906,2012,16,60 Minutes,CBS,8.0
1907,2012,Criminal Minds,,CBS,8.0
1908,2012,18,CSI: Crime Scene Investigation,CBS,7.7
1909,2012,Grey's Anatomy,,CBS,7.7
1910,2012,The Mentalist,,CBS,7.7
1911,2012,Modern Family,,CBS,7.7
1912,2012,Vegas,,CBS,7.7
1913,2012,23,Body of Proof,ABC,7.3
1914,2012,CSI: NY,,ABC,7.3
1915,2012,The Following,,ABC,7.3
1916,2012,The Good Wife,,ABC,7.3
1917,2012,Survivor: Philippines,,ABC,7.3
1918,2012,28,2 Broke Girls,ABC,6.8
1919,2012,Hawaii Five-0,,ABC,6.8
1920,2012,30,Survivor: Caramoan,ABC,6.7
1921,2013,1,Sunday Night Football,NBC,12.6
1922,2013,NCIS,CBS,NBC,12.6
1923,2013,3,The Big Bang Theory,NBC,12.3
1924,2013,4,NCIS: Los Angeles,NBC,10.3
1925,2013,5,Dancing with the Stars,ABC,10.0
1926,2013,6,The Blacklist,NBC,9.5
1927,2013,7,Person of Interest,CBS,9.0
1928,2013,8,The Voice,NBC,8.9
1929,2013,9,Blue Bloods,CBS,8.8
1930,2013,10,,NBC,8.6
1931,2013,11,Grey's Anatomy,ABC,8.5
1932,2013,12,Castle,ABC,8.3
1933,2013,13,Criminal Minds,CBS,8.2
1934,2013,Scandal,,CBS,8.2
1935,2013,15,Resurrection,CBS,8.1
1936,2013,16,CSI: Crime Scene Investigation,CBS,7.8
1937,2013,17,60 Minutes,CBS,7.7
1938,2013,18,Elementary,CBS,7.6
1939,2013,The Good Wife,,CBS,7.6
1940,2013,Modern Family,,CBS,7.6
1941,2013,21,Hawaii Five-0,CBS,7.5
1942,2013,22,American Idol,FOX,7.4
1943,2013,23,The Mentalist,CBS,7.3
1944,2013,24,The Millers,CBS,7.1
1945,2013,25,Survivor,CBS,7.0
1946,2013,American Idol — Thursday,,CBS,7.0
1947,2013,27,Two and a Half Men,CBS,6.8
1948,2013,28,How I Met Your Mother,CBS,6.6
1949,2013,29,Chicago Fire,NBC,6.5
1950,2013,Intelligence,,NBC,6.5
1951,2014,1,Sunday Night Football,NBC,12.3
1952,2014,2,The Big Bang Theory,CBS,11.6
1953,2014,NCIS,,CBS,11.6
1954,2014,4,NCIS: New Orleans,CBS,11.3
1955,2014,5,Empire,FOX,10.9
1956,2014,6,Thursday Night Football,CBS,10.6
1957,2014,7,Dancing with the Stars,ABC,9.7
1958,2014,8,Criminal Minds,CBS,9.0
1959,2014,Madam Secretary,,CBS,9.0
1960,2014,Scandal,,CBS,9.0
1961,2014,11,Blue Bloods,CBS,8.8
1962,2014,12,The Blacklist,NBC,8.7
1963,2014,13,The Voice,NBC,8.5
1964,2014,14,Scorpion,CBS,8.4
1965,2014,15,,NBC,8.3
1966,2014,16,The Good Wife,CBS,8.1
1967,2014,17,60 Minutes,CBS,7.8
1968,2014,Grey's Anatomy,,CBS,7.8
1969,2014,Hawaii Five-0,,CBS,7.8
1970,2014,20,How to Get Away with Murder,ABC,7.7
1971,2014,Person of Interest,,ABC,7.7
1972,2014,22,NCIS: Los Angeles,ABC,7.6
1973,2014,23,Modern Family,ABC,7.5
1974,2014,Two and a Half Men,,ABC,7.5
1975,2014,25,Elementary,ABC,7.3
1976,2014,The Mentalist,,ABC,7.3
1977,2014,Mom,,ABC,7.3
1978,2014,28,Castle,ABC,7.2
1979,2014,CSI: Crime Scene Investigation,,ABC,7.2
1980,2014,CSI: Cyber,,ABC,7.2
1981,2015,1,NCIS,CBS,12.8
1982,2015,2,Sunday Night Football,NBC,12.6
1983,2015,3,The Big Bang Theory,CBS,12.5
1984,2015,4,Thursday Night Football,CBS,10.6
1985,2015,5,Empire,FOX,10.2
1986,2015,6,NCIS: New Orleans,CBS,9.4
1987,2015,7,Dancing with the Stars,ABC,8.8
1988,2015,8,Blue Bloods,CBS,8.4
1989,2015,9,The Voice,NBC,8.2
1990,2015,The X-Files,,NBC,8.2
1991,2015,11,Grey's Anatomy,ABC,7.9
1992,2015,The Voice: Tuesday,,ABC,7.9
1993,2015,13,Criminal Minds,CBS,7.8
1994,2015,Madam Secretary,,CBS,7.8
1995,2015,15,60 Minutes,CBS,7.7
1996,2015,16,Scandal,ABC,7.6
1997,2015,Scorpion,,ABC,7.6
1998,2015,18,The Blacklist,NBC,7.3
1999,2015,19,How to Get Away with Murder,ABC,7.2
2000,2015,Little Big Shots,,ABC,7.2
2001,2015,21,Blindspot,ABC,7.1
2002,2015,The Good Wife,,ABC,7.1
2003,2015,NCIS: Los Angeles,,ABC,7.1
2004,2015,24,Chicago Fire,NBC,7.0
2005,2015,Hawaii Five-0,,NBC,7.0
2006,2015,26,American Idol,FOX,6.9
2007,2015,27,,FOX,6.7
2008,2015,28,Code Black,CBS,6.6
2009,2015,Survivor,,CBS,6.6
2010,2015,30,Chicago Med,NBC,6.5
2011,2015,Life in Pieces,,NBC,6.5
2012,2015,Shades of Blue,,NBC,6.5
2013,2016,1,The Big Bang Theory,CBS,11.5
2014,2016,2,NCIS,CBS,11.4
2015,2016,3,Sunday Night Football,NBC,11.1
2016,2016,4,Thursday Night Football,CBS/NBC,9.6
2017,2016,Bull,,CBS/NBC,9.6
2018,2016,6,This Is Us,NBC,9.4
2019,2016,7,Blue Bloods,CBS,8.9
2020,2016,8,NCIS: New Orleans,CBS,8.5
2021,2016,9,Dancing with the Stars,ABC,8.1
2022,2016,10,NCIS: Los Angeles,CBS,7.8
2023,2016,11,60 Minutes,CBS,7.7
2024,2016,12,Hawaii Five-0,CBS,7.6
2025,2016,The Voice,,CBS,7.6
2026,2016,14,Designated Survivor,ABC,7.5
2027,2016,15,,NBC,7.4
2028,2016,16,Grey's Anatomy,ABC,7.3
2029,2016,17,Criminal Minds,CBS,6.9
2030,2016,Madam Secretary,,CBS,6.9
2031,2016,19,Empire,FOX,6.7
2032,2016,Scorpion,,FOX,6.7
2033,2016,21,Chicago Fire,NBC,6.5
2034,2016,22,Chicago Med,NBC,6.2
2035,2016,Survivor,,NBC,6.2
2036,2016,24,Little Big Shots,NBC,6.1
2037,2016,MacGyver,,NBC,6.1
2038,2016,26,Code Black,NBC,6.0
2039,2016,27,The Blacklist,NBC,5.9
2040,2016,Mom,,NBC,5.9
2041,2016,29,The Bachelor,ABC,5.8
2042,2016,30,Scandal,ABC,5.7
2043,2017,1,The Big Bang Theory,CBS,11.1
2044,2017,2,NCIS,CBS,10.3
2045,2017,Sunday Night Football,NBC,CBS,10.3
2046,2017,4,This Is Us,CBS,10.2
2047,2017,Roseanne,ABC,CBS,10.2
2048,2017,6,Young Sheldon,CBS,9.5
2049,2017,7,The Good Doctor,ABC,9.3
2050,2017,8,Bull,CBS,8.9
2051,2017,9,Thursday Night Football,CBS/NBC,8.5
2052,2017,10,Blue Bloods,CBS,8.2
2053,2017,11,NCIS: New Orleans,CBS,7.8
2054,2017,12,The Voice,NBC,7.1
2055,2017,60 Minutes,,NBC,7.1
2056,2017,Grey's Anatomy,,NBC,7.1
2057,2017,15,Dancing with the Stars,NBC,6.9
2058,2017,16,Hawaii Five-0,CBS,6.8
2059,2017,The Voice: Tuesday,,CBS,6.8
2060,2017,18,Mom,CBS,6.7
2061,2017,19,Chicago Med,NBC,6.6
2062,2017,NCIS: Los Angeles,,NBC,6.6
2063,2017,21,Chicago P.D.,NBC,6.5
2064,2017,22,Chicago Fire,NBC,6.2
2065,2017,23,SEAL Team,CBS,6.1
2066,2017,Instinct,,CBS,6.1
2067,2017,25,Criminal Minds,CBS,6.0
2068,2017,9-1-1,FOX,CBS,6.0
2069,2017,Dancing with the Stars: Athletes,,CBS,6.0
2070,2017,28,Survivor,CBS,5.9
2071,2017,29,S.W.A.T.,CBS,5.8
2072,2017,30,Madam Secretary,CBS,5.6
2073,2017,American Idol - Monday,,CBS,5.6
2074,2017,Law & Order: Special Victims Unit,,CBS,5.6
2075,2018,1,Sunday Night Football,NBC,10.9
2076,2018,2,The Big Bang Theory,CBS,10.6
2077,2018,3,NCIS,CBS,9.6
2078,2018,4,Thursday Night Football,FOX,8.7
2079,2018,Young Sheldon,,FOX,8.7
2080,2018,6,This Is Us,NBC,8.5
2081,2018,7,Blue Bloods,CBS,7.9
2082,2018,FBI,,CBS,7.9
2083,2018,9,The Good Doctor,ABC,7.4
2084,2018,Manifest,,ABC,7.4
2085,2018,11,Chicago Fire,ABC,7.2
2086,2018,America's Got Talent: The Champions,,ABC,7.2
2087,2018,13,Chicago Med,ABC,7.0
2088,2018,Bull,,ABC,7.0
2089,2018,15,Chicago P.D.,NBC,6.9
2090,2018,New Amsterdam,,NBC,6.9
2091,2018,17,NCIS: New Orleans,CBS,6.8
2092,2018,18,60 Minutes,CBS,6.7
2093,2018,19,The Voice,NBC,6.6
2094,2018,20,Grey's Anatomy,ABC,6.5
2095,2018,21,Mom,CBS,6.4
2096,2018,22,,NBC,6.2
2097,2018,Hawaii Five-0,,NBC,6.2
2098,2018,NCIS: Los Angeles,,NBC,6.2
2099,2018,25,The Masked Singer,FOX,6.0
2100,2018,26,9-1-1,FOX,5.9
2101,2018,27,The Conners,ABC,5.8
2102,2018,God Friended Me,,ABC,5.8
2103,2018,29,Survivor,ABC,5.5
2104,2018,Dancing with the Stars,,ABC,5.5
2105,2019,1,Sunday Night Football,NBC,20.09
2106,2019,2,NCIS,CBS,15.34
2107,2019,3,Thursday Night Football,FOX,15.05
2108,2019,4,FBI,CBS,12.55
2109,2019,5,Blue Bloods,CBS,11.96
2110,2019,6,Chicago Fire,NBC,11.70
2111,2019,7,This Is Us,NBC,11.55
2112,2019,8,Young Sheldon,CBS,11.45
2113,2019,9,Chicago P.D.,NBC,11.23
2114,2019,10,Chicago Med,NBC,11.22
2115,2019,11,The Good Doctor,ABC,10.82
2116,2019,12,The Masked Singer,FOX,10.73
2117,2019,13,Bull,CBS,10.61
2118,2019,14,60 Minutes,CBS,10.46
2119,2019,15,9-1-1,FOX,10.42
2120,2019,16,The Voice,NBC,10.23
2121,2019,17,FBI: Most Wanted,CBS,10.20
2122,2019,18,New Amsterdam,NBC,9.70
2123,2019,19,Hawaii Five-0,CBS,9.68
2124,2019,20,NCIS: New Orleans,CBS,9.58
2125,2019,21,,NBC,9.53
2126,2019,22,Grey's Anatomy,ABC,9.39
2127,2019,23,Survivor,CBS,9.30
2128,2019,24,9-1-1: Lone Star,FOX,9.09
2129,2019,25,America's Got Talent: The Champions,NBC,8.92
2130,2019,26,Magnum P.I.,CBS,8.91
2131,2019,NCIS: Los Angeles,,CBS,8.91
2132,2019,28,American Idol,ABC,8.54
2133,2019,29,Mom,CBS,8.52
2134,2019,Station 19,,CBS,8.52
2135,2020,1,Sunday Night Football,NBC,16.50
2136,2020,2,Thursday Night Football,FOX,13.42
2137,2020,3,NCIS,CBS,12.58
2138,2020,4,The Equalizer,CBS,12.07
2139,2020,5,FBI,CBS,10.98
2140,2020,6,60 Minutes,CBS,10.73
2141,2020,7,Chicago Fire,NBC,10.23
2142,2020,8,Blue Bloods,CBS,10.16
2143,2020,9,Chicago Med,NBC,9.74
2144,2020,10,Chicago P.D.,NBC,9.73
2145,2020,11,9-1-1,FOX,9.62
2146,2020,12,Young Sheldon,CBS,9.45
2147,2020,13,This Is Us,NBC,9.32
2148,2020,14,FBI: Most Wanted,CBS,8.83
2149,2020,15,9-1-1: Lone Star,FOX,8.71
2150,2020,16,Bull,CBS,8.59
2151,2020,17,The Voice,NBC,8.40
2152,2020,18,,NBC,8.30
2153,2020,19,The Good Doctor,ABC,8.16
2154,2020,Grey's Anatomy,,ABC,8.16
2155,2020,21,Law & Order: Organized Crime,NBC,7.83
2156,2020,22,NCIS: Los Angeles,CBS,7.80
2157,2020,23,The Masked Singer,FOX,7.56
2158,2020,24,Magnum P.I.,CBS,7.48
2159,2020,25,American Idol,ABC,7.42
2160,2020,26,Big Sky,ABC,7.35
2161,2020,27,NCIS: New Orleans,CBS,7.22
2162,2020,28,Celebrity Wheel of Fortune,ABC,7.15
2163,2020,29,The Rookie,ABC,7.11
2164,2020,Station 19,,ABC,7.11
2165,2021,1,Sunday Night Football,NBC,18.00
2166,2021,2,Thursday Night Football,FOX,15.40
2167,2021,3,NCIS,CBS,10.90
2168,2021,4,FBI,CBS,10.29
2169,2021,5,Chicago Fire,NBC,9.81
2170,2021,6,Blue Bloods,CBS,9.78
2171,2021,7,The Equalizer,CBS,9.42
2172,2021,8,Young Sheldon,CBS,9.21
2173,2021,9,60 Minutes,CBS,9.19
2174,2021,10,Chicago P.D.,NBC,9.15
2175,2021,11,Chicago Med,NBC,9.09
2176,2021,12,FBI: Most Wanted,CBS,8.72
2177,2021,13,Ghosts,CBS,8.41
2178,2021,14,NCIS: Hawaiʻi,CBS,8.28
2179,2021,15,FBI: International,CBS,8.21
2180,2021,16,The Voice,NBC,8.12
2181,2021,17,,NBC,8.11
2182,2021,18,This Is Us,NBC,7.76
2183,2021,19,La Brea,NBC,7.43
2184,2021,20,Bull,CBS,7.37
2185,2021,21,Magnum P.I.,CBS,7.34
2186,2021,22,Survivor,CBS,7.32
2187,2021,23,American Idol,ABC,7.29
2188,2021,24,NCIS: Los Angeles,CBS,7.28
2189,2021,25,9-1-1,FOX,7.27
2190,2021,26,,ABC,6.99
2191,2021,27,9-1-1: Lone Star,FOX,6.88
2192,2021,28,Law & Order: Special Victims Unit,NBC,6.83
2193,2021,29,CSI: Vegas,CBS,6.80
2194,2021,The Good Doctor,,CBS,6.80
2195,2022,1,Sunday Night Football,NBC,18.13
2196,2022,2,NCIS,CBS,9.83
2197,2022,3,FBI,CBS,9.52
2198,2022,4,Young Sheldon,CBS,9.28
2199,2022,5,Chicago Fire,NBC,9.25
2200,2022,6,Blue Bloods,CBS,9.24
2201,2022,7,Ghosts,CBS,9.08
2202,2022,8,60 Minutes,CBS,8.80
2203,2022,9,Chicago Med,NBC,8.48
2204,2022,10,The Equalizer,CBS,8.28
2205,2022,11,Chicago P.D.,NBC,8.27
2206,2022,12,Fire Country,CBS,8.25
2207,2022,13,FBI: Most Wanted,CBS,8.00
2208,2022,14,FBI: International,CBS,7.72
2209,2022,15,NCIS: Hawaiʻi,CBS,7.50
2210,2022,16,The Voice,NBC,7.30
2211,2022,17,,NBC,7.21
2212,2022,18,9-1-1,FOX,7.09
2213,2022,19,Law & Order: Special Victims Unit,NBC,6.87
2214,2022,20,American Idol,ABC,6.79
2215,2022,East New York,,ABC,6.79
2216,2022,22,Survivor,ABC,6.71
2217,2022,23,S.W.A.T.,ABC,6.68
2218,2022,24,The Rookie,ABC,6.48
2219,2022,25,The Neighborhood,CBS,6.45
2220,2022,26,So Help Me Todd,CBS,6.37
2221,2022,27,Jeopardy! Masters,ABC,6.35
2222,2022,28,The Good Doctor,ABC,6.23
2223,2022,29,NCIS: Los Angeles,CBS,6.15
2224,2022,30,Bob Hearts Abishola,CBS,6.10
2225,2023,1,Sunday Night Football,NBC,19.84
2226,2023,2,Monday Night Football,ABC,11.99
2227,2023,3,Tracker,CBS,10.80
2228,2023,4,NCIS,CBS,9.66
2229,2023,5,Young Sheldon,CBS,9.10
2230,2023,6,FBI,CBS,8.96
2231,2023,7,Chicago Fire,NBC,8.79
2232,2023,8,Blue Bloods,CBS,8.45
2233,2023,9,60 Minutes,CBS,8.27
2234,2023,10,Ghosts,CBS,8.21
2235,2023,11,Chicago Med,NBC,8.20
2236,2023,12,Chicago P.D.,NBC,7.96
2237,2023,13,The Equalizer,CBS,7.90
2238,2023,14,NCIS: Hawaiʻi,CBS,7.79
2239,2023,15,Elsbeth,CBS,7.45
2240,2023,16,FBI: Most Wanted,CBS,7.39
2241,2023,17,Fire Country,CBS,7.33
2242,2023,18,FBI: International,CBS,7.21
2243,2023,19,The Voice,NBC,7.14
2244,2023,20,Law & Order: Special Victims Unit,NBC,6.91
2245,2023,21,,NBC,6.89
2246,2023,22,9-1-1,ABC,6.86
2247,2023,23,Will Trent,ABC,6.74
2248,2023,24,NCIS: Sydney,CBS,6.53
2249,2023,25,Survivor,CBS,6.50
2250,2023,26,So Help Me Todd,CBS,6.18
2251,2023,27,S.W.A.T.,CBS,6.17
2252,2023,28,CSI: Vegas,CBS,6.15
2253,2023,29,The Golden Bachelor,ABC,5.94
2254,2023,30,The Irrational,NBC,5.93
2255,2024,1,Sunday Night Football,NBC,21.6
2256,2024,2,Tracker,CBS,17.4
2257,2024,3,High Potential,ABC,16.1
2258,2024,4,Matlock,CBS,16.0
2259,2024,5,Georgie & Mandy's First Marriage,CBS,12.1
2260,2024,Ghosts,,CBS,12.1
2261,2024,7,Monday Night Football,ABC,11.9
2262,2024,8,Elsbeth,CBS,11.5
2263,2024,9,Will Trent,ABC,11.4
2264,2024,10,9-1-1,ABC,11.1
2265,2024,11,Watson,CBS,11.0
2266,2024,12,Shifting Gears,ABC,10.9
2267,2024,13,The Rookie,ABC,10.8
2268,2024,14,FBI,CBS,10.6
2269,2024,NCIS,,CBS,10.6
2270,2024,16,Chicago Fire,NBC,10.3
2271,2024,17,Blue Bloods,CBS,10.1
2272,2024,18,Chicago P.D.,NBC,9.8
2273,2024,19,Chicago Med,NBC,9.7
2274,2024,20,Fire Country,CBS,9.6
2275,2024,21,NCIS: Origins,CBS,9.3
2276,2024,22,Abbott Elementary,ABC,8.8
2277,2024,23,60 Minutes,CBS,8.7
2278,2024,Law & Order: Special Victims Unit,,CBS,8.7
2279,2024,25,FBI: Most Wanted,CBS,8.4
2280,2024,26,Survivor 48,CBS,8.3
2281,2024,The Voice,,CBS,8.3
2282,2024,28,The Equalizer,CBS,8.2
2283,2024,FBI: International,,CBS,8.2
2284,2024,30,Survivor 47,CBS,7.9
